ev_id,aircraft_key,regis_no,far_part,damage,raw_make,raw_model,acft_series,manufacturer,model_family,model_full,acft_category,num_eng,total_seats,cert_max_gr_wt,acft_year,oper_name,oper_sched,oper_pax_cargo,type_fly,afm_hrs,second_pilot,damage_score,_source_file
20001211X15972,1,N1686U,135,DEST,CESSNA,207,207,CESSNA,207,CESSNA 207,AIR,1,4,3800,,HARBOR AIR SERVICE,NSCH,PACA,UNK,11291.0,N,4,Pre2008.mdb
20001211X15973,1,N67941,135,DEST,CESSNA,402C,402C,CESSNA,402,CESSNA 402,AIR,2,10,6850,,BAKER AVIATION INC.,SCHD,PACA,UNK,7971.0,N,4,Pre2008.mdb
20001211X12053,1,N6467H,135,DEST,CESSNA,207,207,CESSNA,207,CESSNA 207,AIR,1,2,3800,,"RYAN AIR SERVICE, INC",SCHD,PACA,UNK,11854.0,N,4,Pre2008.mdb
20001211X12259,1,N5060F,135,SUBS,FAIRCHILD,FH-1100,FH-1100,FAIRCHILD,1100,FAIRCHILD 1100,HELI,1,4,2750,,"SEA HAWK, INC.",NSCH,PAX,UNK,2759.0,N,3,Pre2008.mdb
20001211X12737,1,N124KT,135,DEST,CESSNA,A185F,A185F,CESSNA,A185,CESSNA A185,AIR,1,5,3350,,JAMES OKONEK,NSCH,PAX,UNK,4408.0,N,4,Pre2008.mdb
20001211X13021,1,N321KA,135,DEST,DE HAVILLAND,DHC-3,DHC-3,DEHAVILLAND,3,DEHAVILLAND 3,AIR,1,11,8000,,KETCHUM AIR SERVICE INC.,NSCH,PACA,UNK,7200.0,,4,Pre2008.mdb
20001211X13280,1,N7541K,135,SUBS,CESSNA,180,180,CESSNA,180,CESSNA 180,AIR,1,4,3190,,SIXTY-THIRTY NORTH,NSCH,PAX,,3253.0,N,3,Pre2008.mdb
20001211X12497,1,N4672U,135,MINR,CESSNA,206,206,CESSNA,206,CESSNA 206,AIR,1,6,3600,,JIM AIR,NSCH,PAX,UNK,5567.0,N,2,Pre2008.mdb
20001211X12739,1,N9984M,135,MINR,CESSNA,207,207,CESSNA,207,CESSNA 207,AIR,1,7,3800,,,SCHD,PACA,UNK,,N,2,Pre2008.mdb
20001211X13284,1,N629US,121,MINR,BOEING,747-200,747-200,BOEING,747,BOEING 747,AIR,4,286,750000,,"NORTHWEST AIRLINES, INC",SCHD,CARG,UNK,,N,2,Pre2008.mdb
20001211X12056,1,N13147,135,SUBS,CESSNA,172M,172M,CESSNA,172,CESSNA 172,AIR,1,4,2300,,YUTE AIR ALASKA,SCHD,PAX,UNK,5223.0,N,3,Pre2008.mdb
20001211X12264,1,N6332D,135,SUBS,CESSNA,172,172,CESSNA,172,CESSNA 172,AIR,1,4,2300,,,NSCH,PAX,UNK,,N,3,Pre2008.mdb
20001211X12269,1,N401NA,135,SUBS,CESSNA,402B,402B,CESSNA,402,CESSNA 402,AIR,2,5,6300,,ALASKA ISLAND AIR,SCHD,PACA,UNK,,N,3,Pre2008.mdb
20001211X12498,1,N8127K,135,SUBS,PIPER,PA-32-300,PA-32-300,PIPER,PA-32,PIPER PA-32,AIR,1,6,3400,,"SKAGWAY AIR SERVICE, INC.",NSCH,PAX,UNK,3266.0,N,3,Pre2008.mdb
20001211X12276,1,N333DG,135,SUBS,CESSNA,A185F,A185F,CESSNA,A185,CESSNA A185,AIR,1,4,3350,,DOUG GEETING AVIATION,NSCH,PACA,UNK,3121.0,N,3,Pre2008.mdb
20001211X12505,1,N222JA,135,SUBS,CESSNA,402,402,CESSNA,402,CESSNA 402,AIR,2,10,6300,,ALASKA ISLAND AIR,NSCH,CARG,UNK,,N,3,Pre2008.mdb
20001211X12510,1,N30505,135,SUBS,PIPER,PA-32-300,PA-32=300,PIPER,PA-32,PIPER PA-32,AIR,1,6,3400,,L.A.B. FLYING SERVICE,NSCH,PAX,UNK,1594.0,N,3,Pre2008.mdb
20001211X12512,1,N9869M,135,SUBS,CESSNA,207,207,CESSNA,207,CESSNA 207,AIR,1,2,3800,,"MARKAIR EXPRESS, INC.",NSCH,CARG,UNK,,N,3,Pre2008.mdb
20001211X12519,1,N4112D,135,,PIPER,PA-31-350,PA-31-350,PIPER,PA-31,PIPER PA-31,AIR,2,8,7250,,"BERING AIR, INC.",SCHD,PACA,UNK,13107.0,N,0,Pre2008.mdb
20001211X12749,1,N756AH,135,SUBS,CESSNA,206G,206G,CESSNA,206,CESSNA 206,AIR,1,6,3600,,,NSCH,PACA,UNK,5879.0,N,3,Pre2008.mdb
20001211X12752,1,N3115Y,135,SUBS,HUGHES,369D,369D,HUGHES,369D,HUGHES 369D,HELI,1,4,3000,,"SOLOY HELICOPTERS, INC.",NSCH,PACA,UNK,6445.0,N,3,Pre2008.mdb
20001211X12753,1,N9993M,135,SUBS,CESSNA,207,207,CESSNA,207,CESSNA 207,AIR,1,7,3800,,"MARKAIR EXPRESS, INC.",NSCH,PAX,UNK,10098.0,N,3,Pre2008.mdb
20001211X13023,1,N9526F,135,SUBS,CESSNA,208,208,CESSNA,208,CESSNA 208,AIR,1,8,3800,,MARKAIR EXPRESS,NSCH,CARG,UNK,5993.0,N,3,Pre2008.mdb
20001211X13031,1,N1200A,135,SUBS,PIPER,PA-18,PA-18,PIPER,PA-18,PIPER PA-18,AIR,1,3,1750,,,NSCH,PACA,UNK,5639.0,,3,Pre2008.mdb
20001211X13033,1,N1530H,135,SUBS,GRUMMAN,G-21,G-21,GRUMMAN,21,GRUMMAN 21,AIR,2,9,8920,,"BINGMAN, PHILLIP L.",NSCH,PAX,UNK,18204.0,,3,Pre2008.mdb
20001211X13039,1,N54938,135,SUBS,PIPER,PA-18,PA-18,PIPER,PA-18,PIPER PA-18,AIR,1,2,1750,,"LENTSCH, WILLIAM J.",NSCH,PAX,UNK,7155.0,,3,Pre2008.mdb
20001211X13044,1,N5074R,135,SUBS,HUGHES,369D,369D,HUGHES,369D,HUGHES 369D,HELI,1,5,3000,,"SOLOY HELICOPTERS, INC.",NSCH,PAX,UNK,6624.0,N,3,Pre2008.mdb
20001211X13296,1,N84627,135,SUBS,CESSNA,185,185,CESSNA,185,CESSNA 185,AIR,1,4,3310,,"KETCHIKAN AIR SERVICE, INC.",NSCH,PAX,UNK,11275.0,N,3,Pre2008.mdb
20001211X13499,1,N208SC,135,DEST,CESSNA,207,207,CESSNA,207,CESSNA 207,AIR,1,4,3800,,,NSCH,CARG,UNK,9067.0,N,4,Pre2008.mdb
20001206X01412,1,N13GA,135,SUBS,de Havilland,DHC-3,DHC-3,DEHAVILLAND,3,DEHAVILLAND 3,AIR,1,11,7967,,WINGS AIRLINE SEVICE,NSCH,PAX,UNK,7672.0,N,3,Pre2008.mdb
20001206X01633,1,N8297X,135,SUBS,PIPER,PA-32-301,PA-32-301,PIPER,PA-32,PIPER PA-32,AIR,1,6,3600,,,NSCH,PACA,UNK,9486.0,N,3,Pre2008.mdb
20001206X01634,1,N6CC,135,SUBS,PIPER,PA-31-310,PA-31-310,PIPER,PA-31,PIPER PA-31,AIR,2,8,6500,,GULKANA AIR SERVICE,NSCH,PAX,UNK,,N,3,Pre2008.mdb
20001206X01635,1,N39GT,135,SUBS,AEROSPATIALE,AS-350,AS-350,AEROSPATIALE,350,AEROSPATIALE 350,HELI,1,7,4630,,"TEMSCO HELICOPTERS, INC.",NSCH,PAX,UNK,5618.0,N,3,Pre2008.mdb
20001206X01897,1,N126UA,135,DEST,de Havilland,DHC-2,DHC-2,DEHAVILLAND,2,DEHAVILLAND 2,AIR,1,7,5370,,,NSCH,PAX,UNK,22159.0,N,4,Pre2008.mdb
20001206X01899,1,N17394,135,DEST,DE HAVILLAND,DHC-2,DHC-2,DEHAVILLAND,2,DEHAVILLAND 2,AIR,1,7,5090,,TALNON AIR SERVICE,NSCH,PAX,UNK,6775.0,N,4,Pre2008.mdb
20001206X01900,1,N4839S,135,DEST,PIPER,PA-32-260,PA-32-260,PIPER,PA-32,PIPER PA-32,AIR,1,6,3400,,,NSCH,PACA,UNK,4702.0,N,4,Pre2008.mdb
20001211X13673,1,N630PA,135,MINR,SWEARINGEN,SA227,SA227,SWEARINGEN,SA227,SWEARINGEN SA227,AIR,2,18,14500,,,SCHD,PACA,UNK,22287.0,Y,2,Pre2008.mdb
20001206X00828,1,N29cf,135,MINR,CESSNA,207,207,CESSNA,207,CESSNA 207,AIR,1,7,3800,,"SPERNAK AIRWAYS, INC.",NSCH,PACA,UNK,13480.0,N,2,Pre2008.mdb
20001206X01636,1,N769AS,121,,BOEING,737-400,737-400,BOEING,737,BOEING 737,AIR,2,0,131900,,"ALASKA AIRLINES, INC",SCHD,PACA,UNK,,Y,0,Pre2008.mdb
20001211X13675,1,N185FK,135,SUBS,CESSNA,A185F,A185F,CESSNA,A185,CESSNA A185,AIR,1,6,3350,,HAGELAND AVIATION SERVICES,NSCH,CARG,UNK,1808.0,N,3,Pre2008.mdb
20001211X13809,1,N38393,135,SUBS,PIPER,PA-32,PA-32,PIPER,PA-32,PIPER PA-32,AIR,1,7,3400,,,NSCH,CARG,UNK,11569.0,N,3,Pre2008.mdb
20001211X13814,1,N43527,135,SUBS,PIPER,PA-32,PA-32,PIPER,PA-32,PIPER PA-32,AIR,1,7,3400,,PENINSULA AIRWAYS,NSCH,PAX,UNK,5955.0,,3,Pre2008.mdb
20001206X00690,1,N6470H,135,SUBS,CESSNA,207,207,CESSNA,207,CESSNA 207,AIR,1,7,3800,,,SCHD,PAX,UNK,12245.0,N,3,Pre2008.mdb
20001206X00832,1,N49727,135,DEST,BELL,206B,206B,BELL,206,BELL 206,HELI,1,,3200,,"COASTAL HELICOPTERS, INC.",NSCH,PAX,UNK,7854.0,N,4,Pre2008.mdb
20001206X01017,1,N87594,135,SUBS,HILLER,UH12E,UH12E,HILLER,UH12E,HILLER UH12E,HELI,1,3,3100,,"IVERSON, PETER B.",NSCH,PAX,UNK,2100.0,N,3,Pre2008.mdb
20001206X01018,1,N42DC,135,SUBS,Helio,295,295,HELIO,295,HELIO 295,AIR,1,4,3800,,"WRIGHT AIR SERVICE, INC.",NSCH,PACA,UNK,2999.0,N,3,Pre2008.mdb
20001206X01192,1,N8908N,135,SUBS,PIPER,PA-32-300,PA-32-300,PIPER,PA-32,PIPER PA-32,AIR,1,7,3400,,VEAZIE AIR,NSCH,PAX,UNK,3700.0,N,3,Pre2008.mdb
20001206X01418,1,N4471R,135,SUBS,CESSNA,185,185,CESSNA,185,CESSNA 185,AIR,1,5,3320,,TAQUAN AIR,NSCH,PACA,UNK,12569.0,N,3,Pre2008.mdb
20001206X01639,1,N91056,135,SUBS,CESSNA,T207,T207,CESSNA,T207,CESSNA T207,AIR,1,1,3800,,SOUTH CENTRAL AIR,NSCH,CARG,UNK,10391.0,N,3,Pre2008.mdb
20001207X03576,1,N8385G,135,DEST,PIPER,PA-32-301,PA-32-301,PIPER,PA-32,PIPER PA-32,AIR,1,6,3600,,,NSCH,PACA,UNK,10606.0,N,4,Pre2008.mdb
20001207X03828,1,N6281J,135,DEST,PIPER,PA-32R-300,PA-32R-300,PIPER,PA-32,PIPER PA-32,AIR,1,6,3400,,,NSCH,PAX,UNK,6977.0,N,4,Pre2008.mdb
20001207X04116,1,N1590R,135,SUBS,PIPER,PA-18-150,PA-18-150,PIPER,PA-18,PIPER PA-18,AIR,1,2,1750,,"40 MILE AIR, LTD",NSCH,PACA,UNK,1090.0,N,3,Pre2008.mdb
20001206X02668,1,N5282U,135,SUBS,CESSNA,206,206,CESSNA,206,CESSNA 206,AIR,1,6,3600,,SOUTH CENTRAL AIR,NSCH,CARG,UNK,2695.0,N,3,Pre2008.mdb
20001207X04119,1,N2937X,135,MINR,PIPER,PA-28-181,PA-28-181,PIPER,PA-28,PIPER PA-28,AIR,1,4,2550,,,NSCH,PAX,UNK,9364.0,N,2,Pre2008.mdb
20001207X04398,1,N38293,135,,PIPER,PA-28-181,PA-28-181,PIPER,PA-28,PIPER PA-28,AIR,1,4,2550,,,NSCH,MAIL,UNK,,N,0,Pre2008.mdb
20001206X02369,1,N20752,135,SUBS,CESSNA,A185F,A185F,CESSNA,A185,CESSNA A185,AIR,1,4,3350,,,NSCH,PAX,UNK,3493.0,N,3,Pre2008.mdb
20001206X02538,1,N6322D,135,SUBS,CESSNA,172,172,CESSNA,172,CESSNA 172,AIR,1,4,2300,,,NSCH,PAX,UNK,3092.0,N,3,Pre2008.mdb
20001206X02540,1,N49686,135,,BELL,206,206,BELL,206,BELL 206,HELI,1,5,3200,,,NSCH,PAX,UNK,5935.0,N,0,Pre2008.mdb
20001206X02541,1,N9829M,135,SUBS,CESSNA,207,207,CESSNA,207,CESSNA 207,AIR,1,8,3800,,,NSCH,PACA,UNK,5661.0,N,3,Pre2008.mdb
20001206X02671,1,N4552F,135,DEST,CESSNA,185,185,CESSNA,185,CESSNA 185,AIR,1,4,3350,,,NSCH,PAX,UNK,6431.0,N,4,Pre2008.mdb
20001206X02673,1,N7340U,135,SUBS,CESSNA,207,207,CESSNA,207,CESSNA 207,AIR,1,7,3800,,,NSCH,PACA,UNK,5137.0,N,3,Pre2008.mdb
20001207X02806,1,N242SS,135,SUBS,CESSNA,208,208,CESSNA,208,CESSNA 208,AIR,1,10,8210,,,SCHD,PACA,UNK,4982.0,N,3,Pre2008.mdb
20001207X02811,1,N4480X,135,SUBS,PIPER,PA-32-300,PA-32-300,PIPER,PA-32,PIPER PA-32,AIR,1,6,3400,,VILLAGE AVIATION INC.,SCHD,PAX,UNK,9850.0,N,3,Pre2008.mdb
20001207X02920,1,N1095F,135,SUBS,CESSNA,185F,185F,CESSNA,185,CESSNA 185,AIR,1,4,3350,,,NSCH,CARG,UNK,8008.0,N,3,Pre2008.mdb
20001207X03051,1,N6478H,135,DEST,CESSNA,207A,207A,CESSNA,207,CESSNA 207,AIR,1,7,3800,,,SCHD,PAX,UNK,16116.0,N,4,Pre2008.mdb
20001207X03053,1,N1719U,135,SUBS,CESSNA,207A,207A,CESSNA,207,CESSNA 207,AIR,1,8,3800,,,SCHD,PAX,UNK,11868.0,N,3,Pre2008.mdb
20001207X03056,1,N4059H,135,SUBS,HELIO,H700,H700,HELIO,H700,HELIO H700,AIR,1,4,3800,,FORTY (40) MILE AIR LTD.,NSCH,PAX,UNK,1121.0,N,3,Pre2008.mdb
20001207X03057,1,N756TA,135,SUBS,CESSNA,206G,206G,CESSNA,206,CESSNA 206,AIR,1,1,3600,,ARCTIC CIRCLE AIR,NSCH,CARG,UNK,5367.0,N,3,Pre2008.mdb
20001207X04404,1,N61043,135,SUBS,MAULE,M-7,M-7,MAULE,7,MAULE 7,AIR,1,4,2500,,,NSCH,PAX,UNK,398.0,N,3,Pre2008.mdb
20001207X04412,1,N56564,135,SUBS,MAULE,M-7-235,M-7-235,MAULE,7,MAULE 7,AIR,1,4,2750,,,NSCH,PAX,UNK,1250.0,N,3,Pre2008.mdb
20001208X05677,1,N614FE,121,SUBS,McDonnell Douglas,MD-11-F,MD-11-F,MCDONNELL DOUGLAS,MD-11,MCDONNELL DOUGLAS MD-11,AIR,3,4,625500,,FEDERAL EXPRESS,NSCH,CARG,UNK,12393.0,Y,3,Pre2008.mdb
20001208X05678,1,N4109E,135,SUBS,Piper,PA-31-350,PA-31-350,PIPER,PA-31,PIPER PA-31,AIR,2,9,7250,,,SCHD,PACA,UNK,11070.0,N,3,Pre2008.mdb
20001208X05497,1,N6282H,135,DEST,Cessna,207,207,CESSNA,207,CESSNA 207,AIR,1,2,3800,,,NSCH,CARG,UNK,15367.0,N,4,Pre2008.mdb
20001208X05499,1,N244PL,135,DEST,Cessna,206G,206G,CESSNA,206,CESSNA 206,AIR,1,6,3800,,,NSCH,PAX,UNK,3800.0,N,4,Pre2008.mdb
20001208X05683,1,N670PA,135,SUBS,Swearingen,SW-4,SW-4,SWEARINGEN,4,SWEARINGEN 4,AIR,2,18,16000,,,SCHD,PACA,UNK,17167.0,Y,3,Pre2008.mdb
20001208X05691,1,N216CS,135,SUBS,Beech,99C,99C,BEECHCRAFT,99C,BEECHCRAFT 99C,AIR,2,17,11300,,,SCHD,PACA,UNK,12599.0,Y,3,Pre2008.mdb
20001208X05889,1,N91052,135,SUBS,Cessna,207,207,CESSNA,207,CESSNA 207,AIR,1,8,3800,,LARRY'S FLYING SERVICE,NSCH,PACA,UNK,11186.0,N,3,Pre2008.mdb
20001208X06145,1,N4763C,135,,Grumman,G-21A,G-21A,GRUMMAN,21A,GRUMMAN 21A,AIR,2,6,8920,,FRESH WATER ADVENTURES,NSCH,PACA,UNK,,N,0,Pre2008.mdb
20001208X06409,1,N8241V,135,SUBS,Cessna,180,180,CESSNA,180,CESSNA 180,AIR,1,4,2800,,LAKE CLARK AIR INC.,NSCH,PAX,UNK,9357.0,N,3,Pre2008.mdb
20001208X06651,1,N733KD,135,SUBS,Cessna,206,206,CESSNA,206,CESSNA 206,AIR,1,6,3600,,LAKE CLARK AIR,NSCH,PAX,UNK,7745.0,N,3,Pre2008.mdb
20001208X06653,1,N4366Y,135,SUBS,Piper,PA-28-161,PA-28-161,PIPER,PA-28,PIPER PA-28,AIR,1,4,2440,,,NSCH,PAX,UNK,8453.0,N,3,Pre2008.mdb
20001208X06654,1,N1801Q,135,SUBS,Cessna,206,206,CESSNA,206,CESSNA 206,AIR,1,6,3500,,,NSCH,CARG,UNK,5005.0,N,3,Pre2008.mdb
20001208X06664,1,N7982J,135,DEST,Bell,206B,206B,BELL,206,BELL 206,HELI,1,5,3200,,,NSCH,PAX,UNK,12576.0,N,4,Pre2008.mdb
20001208X08037,1,N207SP,135,DEST,Cessna,207A,207A,CESSNA,207,CESSNA 207,AIR,1,7,3800,,,SCHD,PAX,UNK,12771.0,N,4,Pre2008.mdb
20001208X08272,1,N15199,135,DEST,Piper,PA-32,PA-32,PIPER,PA-32,PIPER PA-32,AIR,1,6,3400,,,NSCH,PAX,UNK,4689.0,N,4,Pre2008.mdb
20001208X08273,1,N5164G,135,SUBS,de Havilland,DHC-2,DHC-2,DEHAVILLAND,2,DEHAVILLAND 2,AIR,1,5,5090,,,NSCH,PACA,UNK,13864.0,N,3,Pre2008.mdb
20001208X08759,1,N9984M,135,DEST,Cessna,207A,207A,CESSNA,207,CESSNA 207,AIR,1,8,3800,,"YUTE AIR ALASKA, INC",NSCH,CARG,UNK,14089.0,N,4,Pre2008.mdb
20001208X07122,1,N954AS,121,MINR,McDonnell Douglas,MD-80,MD-80,MCDONNELL DOUGLAS,MD-80,MCDONNELL DOUGLAS MD-80,AIR,2,137,149500,,,SCHD,PAX,UNK,,Y,2,Pre2008.mdb
20001208X07469,1,N3542H,135,MINR,Piper,PA-31-350,PA-31-350,PIPER,PA-31,PIPER PA-31,AIR,2,8,7000,,,SCHD,PACA,UNK,13988.0,N,2,Pre2008.mdb
20001208X07123,1,N20024,135,SUBS,Cessna,172M,172M,CESSNA,172,CESSNA 172,AIR,1,4,2300,,,NSCH,PAX,UNK,12764.0,N,3,Pre2008.mdb
20001208X07124,1,N54272,135,SUBS,Piper,PA-31,PA-31,PIPER,PA-31,PIPER PA-31,AIR,2,10,7368,,,NSCH,PAX,UNK,13498.0,N,3,Pre2008.mdb
20001208X07125,1,N67694,135,DEST,de Havilland,DHC-2,DHC-2,DEHAVILLAND,2,DEHAVILLAND 2,AIR,1,8,5370,,TAQUAN AIR SERVICE,NSCH,PAX,UNK,20640.0,N,4,Pre2008.mdb
20001208X07126,1,N775AS,121,,Boeing,737-400,737-400,BOEING,737,BOEING 737,AIR,2,137,143500,,,SCHD,PACA,UNK,,Y,0,Pre2008.mdb
20001208X07255,1,N9603M,135,SUBS,Cessna,207A,207A,CESSNA,207,CESSNA 207,AIR,1,2,3800,,,NSCH,CARG,UNK,,N,3,Pre2008.mdb
20001208X07369,1,N7389U,135,SUBS,Cessna,207,207,CESSNA,207,CESSNA 207,AIR,1,7,3800,,,NSCH,CARG,UNK,15460.0,N,3,Pre2008.mdb
20001208X08053,1,N9607Z,135,DEST,Cessna,206,206,CESSNA,206,CESSNA 206,AIR,,,,,JACQUES M. NORVELL,NSCH,PAX,UNK,,,4,Pre2008.mdb
20001208X08941,1,N30505,135,DEST,Piper,PA-32-300,PA-32-300,PIPER,PA-32,PIPER PA-32,AIR,1,6,3400,,,NSCH,PACA,UNK,3617.0,N,4,Pre2008.mdb
20001211X09501,1,N91029,135,DEST,Cessna,207,207,CESSNA,207,CESSNA 207,AIR,1,1,3800,,,NSCH,CARG,UNK,11192.0,N,4,Pre2008.mdb
20001211X09964,1,N192AV,135,SUBS,Cessna,208,208,CESSNA,208,CESSNA 208,AIR,1,10,8000,,BAKER AVIATION INC.,SCHD,PAX,UNK,5574.0,N,3,Pre2008.mdb
20001211X09966,1,N187EH,135,SUBS,Aerospatiale,AS-350-B2,AS-350-B2,AEROSPATIALE,350,AEROSPATIALE 350,HELI,1,7,4961,,,NSCH,PAX,UNK,1577.0,N,3,Pre2008.mdb
20001211X10200,1,N96AK,135,SUBS,Cessna,207A,207A,CESSNA,207,CESSNA 207,AIR,1,7,3800,,,SCHD,PAX,UNK,11809.0,N,3,Pre2008.mdb
20001208X08942,1,N9304F,135,,Cessna,208B,208B,CESSNA,208,CESSNA 208,AIR,1,9,8750,,PENINSULA AIRWAYS INC.,NSCH,CARG,UNK,8638.0,N,0,Pre2008.mdb
20001208X08948,1,N61500,135,SUBS,Cessna,185F,185F,CESSNA,185,CESSNA 185,AIR,1,4,3350,,,NSCH,PAX,UNK,4106.0,N,3,Pre2008.mdb
20001208X09126,1,N314SC,135,SUBS,Piper,PA-31-T3,PA-31-T3,PIPER,PA-31,PIPER PA-31,AIR,2,10,9050,,,NSCH,PAX,UNK,10651.0,Y,3,Pre2008.mdb
20001208X09251,1,N707FY,135,SUBS,Cessna,207,207,CESSNA,207,CESSNA 207,AIR,1,2,3800,,,NSCH,CARG,UNK,17391.0,N,3,Pre2008.mdb
20001208X09127,1,N750GC,135,DEST,Cessna,208B,208B,CESSNA,208,CESSNA 208,AIR,1,7,8750,,HAGELAND AVIATION SERVICES INC,SCHD,PACA,UNK,1466.0,N,4,Pre2008.mdb
20001211X11907,1,N405PC,135,DEST,CESSNA,402B,402B,CESSNA,402,CESSNA 402,AIR,2,2,6300,,SPRINGDALE AIR SERVICE,NSCH,CARG,UNK,7693.0,N,4,Pre2008.mdb
20001211X13055,1,N90BP,135,DEST,BEECH,C-90,C-90,BEECHCRAFT,90,BEECHCRAFT 90,AIR,2,5,9705,,CRITICAL CARE MEDFLIGHT,NSCH,PAX,UNK,3301.0,N,4,Pre2008.mdb
20001211X12060,1,N159CC,121,,SHORT BROTHERS,SD 3-60,SD 3-60,SHORT BROTHERS,3,SHORT BROTHERS 3,AIR,2,39,27100,,"CCAIR, INC",SCHD,PAX,UNK,,Y,0,Pre2008.mdb
20001211X12525,1,N467AA,121,MINR,MCDONNELL DOUGLAS,DC-9-82,DC-9-82,MCDONNELL DOUGLAS,DC-9,MCDONNELL DOUGLAS DC-9,AIR,2,149,150500,,"AMERICAN AIRLINES, INC.",SCHD,PAX,UNK,13926.0,Y,2,Pre2008.mdb
20001211X12763,1,N948DL,121,MINR,MCDONNELL DOUGLAS,MD-88,MD-88,MCDONNELL DOUGLAS,MD-88,MCDONNELL DOUGLAS MD-88,AIR,2,149,128000,,,SCHD,PAX,UNK,10391.0,Y,2,Pre2008.mdb
20001207X03623,1,N908VJ,121,SUBS,Douglas,DC-9-32,DC-9-32,MCDONNELL DOUGLAS,DC-9,MCDONNELL DOUGLAS DC-9,AIR,2,118,109000,,,SCHD,PAX,UNK,630.0,Y,3,Pre2008.mdb
20001208X05207,1,N903VJ,121,SUBS,DOUGLAS,DC-9-32,DC9-32,MCDONNELL DOUGLAS,DC-9,MCDONNELL DOUGLAS DC-9,AIR,2,118,108000,,,SCHD,PAX,UNK,3078.0,Y,3,Pre2008.mdb
20001208X06148,1,N53SW,121,MINR,Boeing,737-200,737-200,BOEING,737,BOEING 737,AIR,2,130,115500,,,SCHD,PAX,UNK,58873.0,Y,2,Pre2008.mdb
20001208X05695,1,N50GV,135,DEST,Aero Commander,500-B,500-B,AERO COMMANDER,500,AERO COMMANDER 500,AIR,2,7,6750,,BERNADETTE PRINGLE,NSCH,PAX,UNK,,N,4,Pre2008.mdb
20001208X05210,1,N129AM,135,,Embraer,120,120,EMBRAER,120,EMBRAER 120,AIR,2,34,25353,,GREAT LAKES AVIATION LTD,SCHD,PACA,UNK,14295.0,Y,0,Pre2008.mdb
20001208X05211,1,N936VV,121,,McDonnell Douglas,DC-9-32,DC-9-32,MCDONNELL DOUGLAS,DC-9,MCDONNELL DOUGLAS DC-9,AIR,2,120,105000,,,SCHD,PAX,UNK,52401.0,Y,0,Pre2008.mdb
20001214X43170,1,N95460,135,SUBS,DOUGLAS,DC-3,DC-3,MCDONNELL DOUGLAS,DC-3,MCDONNELL DOUGLAS DC-3,AIR,2,29,24247,,,SCHD,PAX,UNK,,N,3,Pre2008.mdb
20001214X43551,1,N6271H,135,SUBS,CESSNA,207A,207A,CESSNA,207,CESSNA 207,AIR,1,7,3800,,,NSCH,PAX,UNK,3020.0,N,3,Pre2008.mdb
20001214X43552,1,N67682,135,SUBS,de Havilland,DHC-2,DHC-2,DEHAVILLAND,2,DEHAVILLAND 2,AIR,1,2,5100,,INTERNATIONAL AIR TRANSPORT,NSCH,PACA,UNK,11584.0,N,3,Pre2008.mdb
20001214X43555,1,N141EH,135,DEST,AEROSPATIALE,AS-350D,AS-350D,AEROSPATIALE,350D,AEROSPATIALE 350D,HELI,1,5,4300,,,NSCH,PAX,UNK,813.0,N,4,Pre2008.mdb
20001214X43559,1,N4661Z,135,SUBS,CESSNA,U206,U206,CESSNA,U206,CESSNA U206,AIR,1,6,3600,,,NSCH,PACA,UNK,325.0,N,3,Pre2008.mdb
20001214X43962,1,N1081K,135,SUBS,BELL,206L-1,206L-1,BELL,206,BELL 206,HELI,1,7,4250,,,NSCH,PAX,UNK,2499.0,N,3,Pre2008.mdb
20001214X43966,1,N69384,135,SUBS,CESSNA,C-402B,C-402B,CESSNA,402,CESSNA 402,AIR,2,10,6300,,,NSCH,PAX,UNK,6227.0,N,3,Pre2008.mdb
20001214X44712,1,N2808W,121,MINR,BOEING,727-247,727-247,BOEING,727,BOEING 727,AIR,3,152,191000,,,SCHD,PACA,UNK,33490.0,Y,2,Pre2008.mdb
20001214X38498,1,N75738,135,MINR,CESSNA,207,207,CESSNA,207,CESSNA 207,AIR,1,6,3800,,,NSCH,CARG,UNK,2428.0,N,2,Pre2008.mdb
20001214X39443,1,N146AP,121,MINR,BRITISH AEROSPACE,BAE-146,BAE-146,BRITISH AEROSPACE,146,BRITISH AEROSPACE 146,AIR,4,93,82250,,AIR PAC,SCHD,PAX,UNK,240.0,Y,2,Pre2008.mdb
20001214X39776,1,N75941,135,MINR,CESSNA,207A,207A,CESSNA,207,CESSNA 207,AIR,1,7,3800,,,NSCH,PAX,UNK,1272.0,N,2,Pre2008.mdb
20001214X39777,1,N4753C,121,MINR,FAIRCHILD,C-82A,C-82A,FAIRCHILD,82A,FAIRCHILD 82A,AIR,2,,50000,,,NSCH,CARG,UNK,15730.0,Y,2,Pre2008.mdb
20001214X41918,1,N4924E,135,SUBS,CESSNA,185,185,CESSNA,185,CESSNA 185,AIR,1,6,3350,,,NSCH,PAX,UNK,2450.0,N,3,Pre2008.mdb
20001214X44715,1,N64399,135,SUBS,CESSNA,C-185E,C-185E,CESSNA,185,CESSNA 185,AIR,1,4,3300,,,NSCH,PAX,UNK,,N,3,Pre2008.mdb
20001214X45215,1,N3575A,135,SUBS,PIPER,PA-32R-301,PA-32R-301,PIPER,PA-32,PIPER PA-32,AIR,1,6,3600,,,NSCH,PAX,UNK,1277.0,N,3,Pre2008.mdb
20001214X45216,1,N4511Q,135,SUBS,CESSNA,402A,402A,CESSNA,402,CESSNA 402,AIR,2,10,6300,,,NSCH,PAX,UNK,5895.0,N,3,Pre2008.mdb
20001214X38690,1,N103VA,135,SUBS,EMBRAER,EM-110P1,EM-110P1,EMBRAER,EM-110P1,EMBRAER EM-110P1,AIR,2,15,12500,,VALDEZ AIRLINES,SCHD,PACA,UNK,9209.0,Y,3,Pre2008.mdb
20001214X35445,1,N59619,135,DEST,BELL,206BIII,206BIII,BELL,206,BELL 206,HELI,1,5,3200,,,NSCH,PAX,UNK,5051.0,N,4,Pre2008.mdb
20001214X35447,1,N4112D,135,SUBS,PIPER,PA-31-350,PA-31-350,PIPER,PA-31,PIPER PA-31,AIR,2,8,7045,,BERING AIR,NSCH,CARG,UNK,2126.0,N,3,Pre2008.mdb
20001214X35805,1,N540N,135,SUBS,de Havilland,DHC-6-300,DHC-6-300,DEHAVILLAND,6,DEHAVILLAND 6,AIR,2,9,12500,,,NSCH,PACA,UNK,13652.0,Y,3,Pre2008.mdb
20001214X36333,1,N73635,135,SUBS,CESSNA,C-207A,C-207A,CESSNA,207,CESSNA 207,AIR,1,8,3800,,,NSCH,PAX,UNK,5132.0,N,3,Pre2008.mdb
20001214X36627,1,N9828M,135,SUBS,CESSNA,207,207,CESSNA,207,CESSNA 207,AIR,1,8,3800,,,NSCH,PAX,UNK,2420.0,N,3,Pre2008.mdb
20001214X35449,1,N1618U,135,SUBS,CESSNA,207,207,CESSNA,207,CESSNA 207,AIR,1,6,3800,,,NSCH,PAX,UNK,2712.0,N,3,Pre2008.mdb
20001214X35814,1,N58111,135,SUBS,BELL,206B,206B,BELL,206,BELL 206,HELI,1,4,3200,,,NSCH,CARG,UNK,10690.0,N,3,Pre2008.mdb
20001214X36062,1,N9970M,135,SUBS,CESSNA,207,207,CESSNA,207,CESSNA 207,AIR,1,7,3800,,"COOK INLET AVIATION, INC.",NSCH,PAX,UNK,690.0,N,3,Pre2008.mdb
20001214X36064,1,N5442Z,135,DEST,CESSNA,U206G,U206G,CESSNA,U206,CESSNA U206,AIR,1,6,3600,,,NSCH,PAX,UNK,3244.0,N,4,Pre2008.mdb
20001214X36070,1,N4863C,135,SUBS,CESSNA,206,206,CESSNA,206,CESSNA 206,AIR,1,6,3600,,JOHN FOODE,NSCH,PAX,UNK,4361.0,N,3,Pre2008.mdb
20001214X36071,1,N52174,135,SUBS,CESSNA,172,172,CESSNA,172,CESSNA 172,AIR,1,4,2300,,,NSCH,CARG,UNK,,N,3,Pre2008.mdb
20001214X36336,1,N4246T,135,SUBS,PIPER,PA-32,PA-32,PIPER,PA-32,PIPER PA-32,AIR,1,6,3600,,,NSCH,PAX,UNK,136.0,N,3,Pre2008.mdb
20001214X36337,1,N9140M,135,SUBS,CESSNA,C-206,C-206,CESSNA,206,CESSNA 206,AIR,1,6,3600,,,NSCH,CARG,UNK,3530.0,N,3,Pre2008.mdb
20001214X36339,1,N1062F,135,SUBS,CESSNA,185F,185F,CESSNA,185,CESSNA 185,AIR,1,6,3350,,,NSCH,PACA,UNK,3800.0,N,3,Pre2008.mdb
20001214X36341,1,N4080W,135,SUBS,PIPER,PA-32-300,PA-32-300,PIPER,PA-32,PIPER PA-32,AIR,1,6,3400,,,NSCH,PAX,UNK,4478.0,N,3,Pre2008.mdb
20001214X37667,1,N8981N,135,SUBS,PIPER,PA-32-300,PA-32-300,PIPER,PA-32,PIPER PA-32,AIR,1,4,3400,,"YUTE AIR ALASKA, INC.",NSCH,PACA,UNK,4450.0,N,3,Pre2008.mdb
20001206X01640,1,N2297R,135,SUBS,de Havilland,DHC-2,DHC-2,DEHAVILLAND,2,DEHAVILLAND 2,AIR,1,7,5090,,"MCBRIDE, MICHAEL S.",NSCH,PACA,UNK,,N,3,Pre2008.mdb
20001206X01643,1,N8287Q,135,SUBS,CESSNA,206,206,CESSNA,206,CESSNA 206,AIR,1,6,3600,,,NSCH,PAX,UNK,,N,3,Pre2008.mdb
20001206X01646,1,N4685F,135,SUBS,CESSNA,206,206,CESSNA,206,CESSNA 206,AIR,1,6,3500,,,NSCH,PAX,UNK,2291.0,N,3,Pre2008.mdb
20001206X01651,1,N90315,135,SUBS,BELL,206,206,BELL,206,BELL 206,HELI,1,5,3200,,ALASKA WEST AIR,NSCH,PAX,UNK,6643.0,N,3,Pre2008.mdb
20001206X01903,1,N5200X,135,SUBS,CESSNA,206,206,CESSNA,206,CESSNA 206,AIR,1,6,3600,,,NSCH,PAX,UNK,7597.0,N,3,Pre2008.mdb
20001206X01907,1,N756NG,135,SUBS,CESSNA,206,206,CESSNA,206,CESSNA 206,AIR,1,1,3600,,"ARTIC CIRCLE AIR SERVICE, INC.",NSCH,CARG,UNK,5435.0,N,3,Pre2008.mdb
20001206X01909,1,N4059H,135,SUBS,Helio,H-700,H-700,HELIO,700,HELIO 700,AIR,1,4,3800,,"40 MILE AIR, LTD",NSCH,PACA,UNK,1160.0,N,3,Pre2008.mdb
20001206X01913,1,N1785R,135,SUBS,de Havilland,DHC-2,DHC-2,DEHAVILLAND,2,DEHAVILLAND 2,AIR,1,7,5100,,WILLOW AIR SERVICE,NSCH,PAX,UNK,,N,3,Pre2008.mdb
20001207X03590,1,N84468,135,SUBS,CESSNA,172,172,CESSNA,172,CESSNA 172,AIR,1,4,2300,,,NSCH,PAX,UNK,2400.0,N,3,Pre2008.mdb
20001207X03592,1,N906SJ,121,SUBS,LOCKHEED,L-382E,L-382E,LOCKHEED,L-382,LOCKHEED L-382,AIR,4,6,155000,,,NSCH,CARG,UNK,45737.0,Y,3,Pre2008.mdb
20001207X03598,1,N555WK,135,SUBS,CESSNA,185,185,CESSNA,185,CESSNA 185,AIR,1,6,3350,,,NSCH,PAX,UNK,3063.0,N,3,Pre2008.mdb
20001207X03836,1,N472PM,135,SUBS,de Havilland,DHC-3,DHC-3,DEHAVILLAND,3,DEHAVILLAND 3,AIR,1,11,8000,,,NSCH,PAX,UNK,4596.0,N,3,Pre2008.mdb
20001207X03839,1,N8639F,135,SUBS,HUGHES,500D,500D,HUGHES,500D,HUGHES 500D,HELI,1,5,3000,,,NSCH,PAX,UNK,7201.0,N,3,Pre2008.mdb
20001208X06131,1,N54LA,135,DEST,de Havilland,DHC-2,DHC-2,DEHAVILLAND,2,DEHAVILLAND 2,AIR,1,2,5090,,LYNDEN AIR CARGO,NSCH,CARG,UNK,11047.0,N,4,Pre2008.mdb
20001208X06132,1,N313RS,121,DEST,Douglas,DC-6A,DC-6A,MCDONNELL DOUGLAS,DC-6,MCDONNELL DOUGLAS DC-6,AIR,4,5,103800,,,NSCH,CARG,UNK,38248.0,Y,4,Pre2008.mdb
20001208X06644,1,N2181Z,135,SUBS,Piper,PA-32,PA-32,PIPER,PA-32,PIPER PA-32,AIR,1,6,3400,,,NSCH,PAX,UNK,6740.0,N,3,Pre2008.mdb
20001208X06649,1,N7312C,135,DEST,Cessna,206G,206G,CESSNA,206,CESSNA 206,AIR,1,6,3600,,,NSCH,PAX,UNK,2066.0,N,4,Pre2008.mdb
20001208X06390,1,N660PA,135,DEST,Grumman,G21-G,G21-G,GRUMMAN,G21,GRUMMAN G21,AIR,2,10,12500,,,NSCH,PAX,UNK,13381.0,N,4,Pre2008.mdb
20001208X05336,1,N5462E,135,MINR,Helio,H295,H295,HELIO,H295,HELIO H295,AIR,1,4,3400,,,NSCH,PAX,UNK,,N,2,Pre2008.mdb
20001207X04796,1,N88BC,135,SUBS,CESSNA,207,207,CESSNA,207,CESSNA 207,AIR,1,7,3800,,,SCHD,PAX,UNK,12884.0,N,3,Pre2008.mdb
20001207X04797,1,N7430N,135,SUBS,CESSNA,206,206,CESSNA,206,CESSNA 206,AIR,1,6,3600,,,NSCH,PAX,UNK,6500.0,N,3,Pre2008.mdb
20001208X06670,1,N5343G,135,SUBS,de Havilland,DHC-2,DHC-2,DEHAVILLAND,2,DEHAVILLAND 2,AIR,1,8,5090,,ANIAK AIR GUIDES,NSCH,PACA,UNK,7594.0,N,3,Pre2008.mdb
20001208X06825,1,N64276,135,DEST,de Havilland,DHC-2,DHC-2,DEHAVILLAND,2,DEHAVILLAND 2,AIR,1,8,5370,,,NSCH,PAX,UNK,12475.0,N,4,Pre2008.mdb
20001208X06989,1,N4704B,135,DEST,Cessna,208B,208B,CESSNA,208,CESSNA 208,AIR,1,2,8750,,,NSCH,CARG,UNK,3711.0,N,4,Pre2008.mdb
20001208X06990,1,N93829,135,DEST,Cessna,185,185,CESSNA,185,CESSNA 185,AIR,1,6,3350,,HAGELAND AVIATION SERVICES IN.,NSCH,PAX,UNK,10013.0,N,4,Pre2008.mdb
20001208X07249,1,N702SC,135,DEST,de Havilland,DHC-4A,DHC-4A,DEHAVILLAND,4A,DEHAVILLAND 4A,AIR,2,3,28500,,SOUTH CENTRAL AIR,NSCH,CARG,UNK,13923.0,Y,4,Pre2008.mdb
20001208X07835,1,N14C,135,SUBS,Cessna,U206F,U206F,CESSNA,U206,CESSNA U206,AIR,1,6,3600,,,NSCH,PAX,UNK,9475.0,N,3,Pre2008.mdb
20001208X07655,1,N59985,135,SUBS,Piper,PA-31-350,PA-31-350,PIPER,PA-31,PIPER PA-31,AIR,2,10,7368,,,SCHD,PACA,UNK,9948.0,N,3,Pre2008.mdb
20001208X07656,1,N1785U,135,SUBS,Cessna,207A,207A,CESSNA,207,CESSNA 207,AIR,1,7,3800,,,SCHD,PACA,UNK,11458.0,N,3,Pre2008.mdb
20001208X08045,1,N756DJ,135,SUBS,Cessna,206,206,CESSNA,206,CESSNA 206,AIR,1,6,3600,,,SCHD,PACA,UNK,5766.0,N,3,Pre2008.mdb
20001208X08274,1,N3952Z,135,SUBS,Piper,PA-18-160,PA-18-160,PIPER,PA-18,PIPER PA-18,AIR,1,2,1760,,,NSCH,PAX,UNK,5652.0,N,3,Pre2008.mdb
20001208X08278,1,N83675,135,SUBS,Piper,PA-18,PA-18,PIPER,PA-18,PIPER PA-18,AIR,1,2,1750,,"MCMAHAN GUIDE, FLYING SERVICE",NSCH,PAX,UNK,3980.0,N,3,Pre2008.mdb
20001208X08763,1,N9129M,135,SUBS,Cessna,U206E,U206E,CESSNA,U206,CESSNA U206,AIR,1,6,3600,,,NSCH,PAX,UNK,7824.0,Y,3,Pre2008.mdb
20001208X08765,1,N7032Q,135,DEST,Cessna,U206F,U206F,CESSNA,U206,CESSNA U206,AIR,1,4,3600,,,NSCH,PAX,UNK,8556.0,N,4,Pre2008.mdb
20001208X08769,1,N2649Z,135,SUBS,Cessna,402C,402C,CESSNA,402,CESSNA 402,AIR,2,10,7190,,HAGELAND AVIATION SERVICES INC,NSCH,PAX,UNK,8249.0,N,3,Pre2008.mdb
20001208X08769,2,N1123R,135,SUBS,Cessna,208B,208B,CESSNA,208,CESSNA 208,AIR,1,10,8750,,,NSCH,PAX,UNK,3563.0,N,3,Pre2008.mdb
20001208X08772,1,N2649Z,135,SUBS,Cessna,402C,402C,CESSNA,402,CESSNA 402,AIR,2,10,7190,,"HAGELAND AVIATION SERVICES,INC",SCHD,PACA,UNK,8261.0,N,3,Pre2008.mdb
20001208X07657,1,N408GV,135,DEST,Cessna,208B,208B,CESSNA,208,CESSNA 208,AIR,1,5,8750,,HAGELAND AVIATION SERVICES,SCHD,PACA,UNK,1740.0,N,4,Pre2008.mdb
20001208X08288,1,N756ZV,135,SUBS,Cessna,U206G,U206G,CESSNA,U206,CESSNA U206,AIR,1,4,3800,,YUTE AIR ALASKA,NSCH,PAX,UNK,7491.0,N,3,Pre2008.mdb
20001211X09391,1,N9316F,135,DEST,Cessna,208A,208A,CESSNA,208,CESSNA 208,AIR,1,2,7000,,,NSCH,CARG,UNK,13478.0,N,4,Pre2008.mdb
20001211X09503,1,N7678L,135,SUBS,Piper,PA-31-350,PA-31-350,PIPER,PA-31,PIPER PA-31,AIR,2,10,7000,,,NSCH,PAX,UNK,12438.0,N,3,Pre2008.mdb
20001211X09506,1,N38186,135,SUBS,Piper,PA-32-300,PA-32-300,PIPER,PA-32,PIPER PA-32,AIR,1,7,3400,,,NSCH,PAX,UNK,13228.0,N,3,Pre2008.mdb
20001211X09507,1,N81844,135,SUBS,Piper,PA-32-300,PA-32-300,PIPER,PA-32,PIPER PA-32,AIR,1,6,3600,,,SCHD,PAX,UNK,8416.0,N,3,Pre2008.mdb
20001211X09790,1,N1205F,135,SUBS,Cessna,185F,185F,CESSNA,185,CESSNA 185,AIR,1,4,3350,,NORTH QUEST AVIATION,NSCH,PAX,UNK,3679.0,N,3,Pre2008.mdb
20001211X09793,1,N22932,135,SUBS,Grumman,G-21,G-21,GRUMMAN,21,GRUMMAN 21,AIR,2,10,8920,,,SCHD,PAX,UNK,,N,3,Pre2008.mdb
20001211X09795,1,N7438U,135,SUBS,Cessna,207A,207A,CESSNA,207,CESSNA 207,AIR,1,7,3800,,HAGELAND AVIATION SERVICES INC,NSCH,PAX,UNK,7317.0,N,3,Pre2008.mdb
20001211X09969,1,N1473F,135,SUBS,Cessna,A185F,A185F,CESSNA,A185,CESSNA A185,AIR,1,6,3350,,,NSCH,PAX,UNK,4190.0,N,3,Pre2008.mdb
20001211X13312,1,N627DL,121,,BOEING,757-232,757-232,BOEING,757,BOEING 757,AIR,2,190,230000,,,SCHD,PAX,UNK,,Y,0,Pre2008.mdb
20001206X00587,1,N3844C,135,SUBS,CESSNA,310R,310R,CESSNA,310,CESSNA 310,AIR,2,6,5500,,"RAS, INC.",NSCH,CARG,UNK,7516.0,N,3,Pre2008.mdb
20001206X01026,1,N306FE,121,MINR,McDonnell Douglas,DC-10-30,DC-10-30,MCDONNELL DOUGLAS,DC-10,MCDONNELL DOUGLAS DC-10,AIR,3,4,580000,,,NSCH,CARG,,,Y,2,Pre2008.mdb
20001207X02815,1,N4515W,121,MINR,BOEING,737-247,737-247,BOEING,737,BOEING 737,AIR,2,130,103500,,"AIR SOUTH, INC.",SCHD,PAX,UNK,37421.0,Y,2,Pre2008.mdb
20001206X02684,1,N7628R,135,SUBS,CESSNA,402B,402B,CESSNA,402,CESSNA 402,AIR,2,2,6300,,GRAND STRAND AVIATION,NSCH,CARG,UNK,4739.0,N,3,Pre2008.mdb
20001207X02821,1,N922VV,121,SUBS,DOUGLAS,DC-9-32,DC-9-32,MCDONNELL DOUGLAS,DC-9,MCDONNELL DOUGLAS DC-9,AIR,2,119,108000,,,SCHD,PAX,UNK,5187.0,Y,3,Pre2008.mdb
20001207X03067,1,N295WA,121,,BOEING,727-200,727-200,BOEING,727,BOEING 727,AIR,3,153,191000,,,SCHD,PACA,UNK,42820.0,Y,0,Pre2008.mdb
20001207X03072,1,N163GA,135,SUBS,PIPER,PA-60,PA-60,PIPER,PA-60,PIPER PA-60,AIR,2,2,6315,,GRAND AIRE EXPRESS,NSCH,CARG,UNK,3317.0,N,3,Pre2008.mdb
20001207X04150,1,N4066X,135,SUBS,AERO COMMANDER,100-180,100-180,AERO COMMANDER,100,AERO COMMANDER 100,AIR,1,4,2500,,PELICAN  AIRWAYS,NSCH,PAX,UNK,2189.0,N,3,Pre2008.mdb
20001208X05511,1,N999TF,135,SUBS,Canadair,CL-600S,CL-600S,BOMBARDIER,CL-600,BOMBARDIER CL-600,AIR,2,13,41250,,PAL-WAUKEE AVIATION,NSCH,PAX,UNK,3395.0,Y,3,Pre2008.mdb
20001208X08545,1,N26JA,135,SUBS,Pilatus,BN-2 ISLANDER,BN-2 ISLAN,PILATUS,2,PILATUS 2,AIR,2,10,6200,,,SCHD,PAX,UNK,24738.0,N,3,Pre2008.mdb
20001208X07257,1,N611DL,121,MINR,Boeing,757-232,757-232,BOEING,757,BOEING 757,AIR,2,190,223800,,,SCHD,PAX,UNK,37395.0,Y,2,Pre2008.mdb
20001208X07375,1,N416DA,121,MINR,Boeing,727-232,727-232,BOEING,727,BOEING 727,AIR,3,152,184200,,,SCHD,PAX,UNK,21128.0,Y,2,Pre2008.mdb
20001211X09993,1,N100DL,135,SUBS,Learjet,24-B,24-B,LEARJET,24,LEARJET 24,AIR,2,8,13500,,PANTHER AVIATION,NSCH,PAX,UNK,8138.0,Y,3,Pre2008.mdb
20210329102823,1,N464UP,121,,BOEING,757-24APF,,BOEING,757,BOEING 757,AIR,2,178,,1997,UPS,,,,,,0,avall.mdb
20001214X42580,1,N38565,135,MINR,PIPER,PA-28R-201,PA-28R-201,PIPER,PA-28,PIPER PA-28,AIR,1,4,2750,,,NSCH,PAX,UNK,1619.0,N,2,Pre2008.mdb
20001214X41912,1,N2150S,135,SUBS,BELL,212,212,BELL,212,BELL 212,HELI,2,15,8500,,,NSCH,PAX,UNK,531.0,Y,3,Pre2008.mdb
20001214X41913,1,N3575A,135,SUBS,PIPER,PA-32R-301,PA-32R-301,PIPER,PA-32,PIPER PA-32,AIR,1,6,3600,,,NSCH,PAX,UNK,850.0,N,3,Pre2008.mdb
20001214X41917,1,N8429N,135,SUBS,PIPER,PA-32-301,PA-32-301,PIPER,PA-32,PIPER PA-32,AIR,1,6,3400,,,NSCH,PAX,UNK,1320.0,N,3,Pre2008.mdb
20001214X42320,1,N8940N,135,SUBS,PIPER,PA-32-300,PA-32-300,PIPER,PA-32,PIPER PA-32,AIR,1,6,3400,,,NSCH,PAX,UNK,4362.0,N,3,Pre2008.mdb
20001214X42846,1,N49HH,135,SUBS,CESSNA,U206,U206,CESSNA,U206,CESSNA U206,AIR,1,7,3600,,,NSCH,PACA,UNK,4850.0,N,3,Pre2008.mdb
20001214X44710,1,N215AL,135,SUBS,BELL,B-206B,B-206B,BELL,206,BELL 206,HELI,1,5,3600,,AIR LOGISTICS OF AK INC,NSCH,PAX,UNK,10181.0,N,3,Pre2008.mdb
20001214X38927,1,N7350U,135,SUBS,CESSNA,207A,207A,CESSNA,207,CESSNA 207,AIR,1,6,3800,,,NSCH,PACA,UNK,,N,3,Pre2008.mdb
20001214X39773,1,N5751Q,135,SUBS,BELL,206L-1,206L-1,BELL,206,BELL 206,HELI,1,7,4250,,,NSCH,PACA,UNK,2551.0,N,3,Pre2008.mdb
20001214X39775,1,N1047F,135,SUBS,CESSNA,A185F,A185F,CESSNA,A185,CESSNA A185,AIR,1,6,3300,,,NSCH,PAX,UNK,6000.0,N,3,Pre2008.mdb
20001214X40159,1,N6321V,135,SUBS,HELIO,H-250,H-250,HELIO,250,HELIO 250,AIR,1,6,3400,,,NSCH,CARG,UNK,4458.0,N,3,Pre2008.mdb
20001214X40160,1,N2021A,135,DEST,GRUMMAN,G-21A,G-21A,GRUMMAN,21A,GRUMMAN 21A,AIR,2,8,8920,,,NSCH,PAX,UNK,6129.0,N,4,Pre2008.mdb
20001214X40924,1,N84490,135,SUBS,CESSNA,188,188,CESSNA,188,CESSNA 188,AIR,1,1,4000,,,NSCH,CARG,UNK,1340.0,N,3,Pre2008.mdb
20001214X39783,1,N4206L,121,SUBS,DOUGLAS,C-118A,C-118A,MCDONNELL DOUGLAS,C-118A,MCDONNELL DOUGLAS C-118A,AIR,4,96,100000,,,NSCH,CARG,UNK,28778.0,Y,3,Pre2008.mdb
20001214X39797,1,N8941N,135,SUBS,PIPER,PA-32-300,PA-32-300,PIPER,PA-32,PIPER PA-32,AIR,1,7,3400,,"YUTE AIR AK, INC.",NSCH,PACA,UNK,6022.0,N,3,Pre2008.mdb
20001214X40169,1,N3948G,135,SUBS,CESSNA,206,206,CESSNA,206,CESSNA 206,AIR,1,6,3500,,,NSCH,CARG,UNK,,N,3,Pre2008.mdb
20001214X40550,1,N4877Y,135,DEST,CESSNA,206,206,CESSNA,206,CESSNA 206,AIR,1,4,3500,,,NSCH,PAX,UNK,2255.0,N,4,Pre2008.mdb
20001214X40946,1,N731FT,135,SUBS,CESSNA,P210N,P210N,CESSNA,P210,CESSNA P210,AIR,1,6,3400,,TIGARA AIR,NSCH,PAX,UNK,1550.0,N,3,Pre2008.mdb
20001214X40951,1,N5349G,135,SUBS,de Havilland,DHC-2,DHC-2,DEHAVILLAND,2,DEHAVILLAND 2,AIR,1,6,5100,,,NSCH,CARG,UNK,7666.0,N,3,Pre2008.mdb
20001214X40177,1,N7984Q,135,,CESSNA,401,401,CESSNA,401,CESSNA 401,AIR,2,8,6300,,"ALASKA AIR SERVICE, INC.",NSCH,PAX,UNK,4729.0,N,0,Pre2008.mdb
20001214X41492,1,N39174,135,SUBS,EMBRAER,EMB-110,EMB-110,EMBRAER,EMB-110,EMBRAER EMB-110,AIR,2,20,13007,,"ARCTIC CIRCLE AIR, INC.",SCHD,PAX,UNK,2304.0,Y,3,Pre2008.mdb
20001214X41493,1,N1606U,135,SUBS,CESSNA,207,207,CESSNA,207,CESSNA 207,AIR,1,7,3800,,,NSCH,PACA,UNK,11074.0,N,3,Pre2008.mdb
20001214X41693,1,N4895C,135,SUBS,CESSNA,185,185,CESSNA,185,CESSNA 185,AIR,1,4,3100,,,NSCH,PAX,UNK,5216.0,N,3,Pre2008.mdb
20001214X41694,1,N735QP,135,SUBS,CESSNA,U206,U206,CESSNA,U206,CESSNA U206,AIR,1,6,3600,,"BAKER AVIATION, INC.",SCHD,PACA,UNK,1607.0,N,3,Pre2008.mdb
20001214X35450,1,N9237M,135,SUBS,CESSNA,207A,207A,CESSNA,207,CESSNA 207,AIR,1,8,3800,,CAPE SMYTHE AIR SERVICE,NSCH,CARG,UNK,4486.0,Y,3,Pre2008.mdb
20001214X35452,1,N9946M,135,SUBS,CESSNA,207,207,CESSNA,207,CESSNA 207,AIR,1,6,3800,,,NSCH,PAX,UNK,1743.0,N,3,Pre2008.mdb
20001214X35453,1,N5056F,135,DEST,FAIRCHILD HILLER,FH-1100,FH-1100,FAIRCHILD HILLER,1100,FAIRCHILD HILLER 1100,HELI,1,6,2530,,GULKANA AIR SERVICE,NSCH,PAX,UNK,1438.0,N,4,Pre2008.mdb
20001214X35456,1,N7396U,135,SUBS,CESSNA,C-207,C-207,CESSNA,207,CESSNA 207,AIR,1,6,3800,,,NSCH,PAX,UNK,4426.0,N,3,Pre2008.mdb
20001214X35457,1,N410WR,135,SUBS,CESSNA,U206G,U206G,CESSNA,U206,CESSNA U206,AIR,1,6,3500,,,NSCH,CARG,UNK,5021.0,N,3,Pre2008.mdb
20001214X35458,1,N62LC,135,SUBS,de Havilland,DHC-2,DHC-2,DEHAVILLAND,2,DEHAVILLAND 2,AIR,1,4,5100,,DANIEL L SMITH,NSCH,CARG,UNK,6181.0,N,3,Pre2008.mdb
20001214X35619,1,N7329U,135,MINR,CESSNA,207A,207A,CESSNA,207,CESSNA 207,AIR,1,6,3600,,,NSCH,CARG,UNK,6593.0,N,2,Pre2008.mdb
20001214X35807,1,N1715U,135,DEST,CESSNA,207,207,CESSNA,207,CESSNA 207,AIR,1,7,3800,,,NSCH,CARG,UNK,,N,4,Pre2008.mdb
20001214X37322,1,N70008,135,SUBS,CESSNA,185,185,CESSNA,185,CESSNA 185,AIR,1,6,3350,,,NSCH,PAX,UNK,6241.0,N,3,Pre2008.mdb
20001206X01926,1,N9825F,135,SUBS,CESSNA,208,208,CESSNA,208,CESSNA 208,AIR,1,10,8000,,,NSCH,PAX,UNK,792.0,N,3,Pre2008.mdb
20001206X02160,1,N8597D,135,SUBS,PIPER,PA-18,PA-18,PIPER,PA-18,PIPER PA-18,AIR,1,2,1750,,"40 MILE AIR, LTD.",NSCH,PACA,UNK,,N,3,Pre2008.mdb
20001206X02167,1,N3930Z,135,SUBS,PIPER,PA-18-150,PA-18-150,PIPER,PA-18,PIPER PA-18,AIR,1,2,1925,,4W AIR,NSCH,PACA,UNK,2284.0,N,3,Pre2008.mdb
20001206X02171,1,N1433Z,135,SUBS,de Havilland,DHC2,DHC2,DEHAVILLAND,DHC2,DEHAVILLAND DHC2,AIR,1,8,5370,,RUST'S FLYING SERVICE,NSCH,PAX,UNK,13150.0,N,3,Pre2008.mdb
20001206X02536,1,N611FE,121,SUBS,MCDONNELL DOUGLAS,MD-11/F,MD-11/F,MCDONNELL DOUGLAS,MD-11,MCDONNELL DOUGLAS MD-11,AIR,3,6,625500,,,NSCH,CARG,UNK,3974.0,Y,3,Pre2008.mdb
20001206X02666,1,N1238K,135,DEST,CESSNA,402C,402C,CESSNA,402,CESSNA 402,AIR,2,10,7190,,,SCHD,PAX,UNK,10722.0,N,4,Pre2008.mdb
20001206X02667,1,N681MA,121,,BOEING,737-3M8 (300),737-3M8 (3,BOEING,737,BOEING 737,AIR,2,147,135500,,"MARKAIR,  INC.",SCHD,PACA,UNK,17725.0,Y,0,Pre2008.mdb
20001207X03394,1,N3588Z,135,SUBS,PIPER,PA-31-350,PA-31-350,PIPER,PA-31,PIPER PA-31,AIR,2,10,7250,,,NSCH,PAX,UNK,5763.0,N,3,Pre2008.mdb
20001207X03399,1,N19BR,135,SUBS,CESSNA,206,206,CESSNA,206,CESSNA 206,AIR,1,1,3600,,ARCTIC CIRCLE AIR SERVICE INC.,NSCH,CARG,UNK,6615.0,N,3,Pre2008.mdb
20001207X03400,1,N1047F,135,SUBS,CESSNA,185,185,CESSNA,185,CESSNA 185,AIR,1,6,3350,,DOUG GEETING AVIATION,NSCH,PAX,UNK,6000.0,N,3,Pre2008.mdb
20001207X03403,1,N60618,135,SUBS,AEROSPATIALE,AS-350-B2,AS-350-B2,AEROSPATIALE,350,AEROSPATIALE 350,HELI,1,7,4961,,,NSCH,PAX,UNK,1552.0,N,3,Pre2008.mdb
20001207X03851,1,N17481,135,SUBS,GRUMMAN,G-44,G-44,GRUMMAN,44,GRUMMAN 44,AIR,2,6,5500,,,NSCH,PAX,UNK,13980.0,N,3,Pre2008.mdb
20001207X04122,1,N4596U,135,SUBS,CESSNA,206G,206G,CESSNA,206,CESSNA 206,AIR,1,6,3600,,RUST'S FLYING SERVICE,NSCH,PAX,UNK,8057.0,N,3,Pre2008.mdb
20001207X04135,1,N504FS,135,SUBS,Short Brothers,SC.7,SC.7,SHORT BROTHERS,7,SHORT BROTHERS 7,AIR,2,2,12500,,,NSCH,CARG,UNK,5965.0,N,3,Pre2008.mdb
20001207X04935,1,N15175,135,SUBS,PIPER,PA-32-300,PA-32-300,PIPER,PA-32,PIPER PA-32,AIR,1,6,3400,,,NSCH,PAX,UNK,5969.0,N,3,Pre2008.mdb
20001207X04937,1,N340K,135,SUBS,Beech,G18S,G18S,BEECHCRAFT,G18S,BEECHCRAFT G18S,AIR,2,2,10100,,,NSCH,CARG,UNK,6886.0,N,3,Pre2008.mdb
20001207X04938,1,N5293X,135,SUBS,CESSNA,U206G,U206G,CESSNA,U206,CESSNA U206,AIR,1,5,3600,,,SCHD,PAX,UNK,9341.0,N,3,Pre2008.mdb
20001208X05206,1,N622DL,121,MINR,BOEING,757-232,757-232,BOEING,757,BOEING 757,AIR,2,190,223800,,"DELTA AIRLINES, INC.",SCHD,PACA,UNK,30708.0,Y,2,Pre2008.mdb
20001208X05206,2,N524UA,121,SUBS,BOEING,757-222,757-222,BOEING,757,BOEING 757,AIR,2,195,231000,,,SCHD,PACA,UNK,14407.0,Y,3,Pre2008.mdb
20001208X05337,1,N8374T,135,SUBS,PIPER,PA-32-301,PA-32-301,PIPER,PA-32,PIPER PA-32,AIR,1,7,3600,,,SCHD,PAX,UNK,8077.0,N,3,Pre2008.mdb
20001208X05340,1,N5246E,135,SUBS,Cessna,185F,185F,CESSNA,185,CESSNA 185,AIR,1,6,3350,,,NSCH,PAX,UNK,5438.0,N,3,Pre2008.mdb
20001208X05343,1,N93829,135,SUBS,Cessna,185,185,CESSNA,185,CESSNA 185,AIR,1,1,3350,,HAGELAND AVIATION,NSCH,CARG,UNK,9748.0,N,3,Pre2008.mdb
20001208X05891,1,N501FS,135,SUBS,Swearingen,SA-26,SA-26,SWEARINGEN,26,SWEARINGEN 26,AIR,2,10,12500,,,NSCH,CARG,UNK,7720.0,N,3,Pre2008.mdb
20001208X06135,1,N700WA,135,SUBS,Beech,18,18,BEECHCRAFT,18,BEECHCRAFT 18,AIR,2,6,11500,,FS AIR SERVICE,NSCH,PACA,UNK,11128.0,N,3,Pre2008.mdb
20001208X06142,1,N70018,135,DEST,Cessna,185,185,CESSNA,185,CESSNA 185,AIR,1,6,3350,,,NSCH,PAX,UNK,5729.0,N,4,Pre2008.mdb
20001208X06391,1,N58269,135,,McDonnell Douglas,MD369D,MD369D,MCDONNELL DOUGLAS,MD369D,MCDONNELL DOUGLAS MD369D,HELI,1,4,3550,,"TUNDRA COPTERS, INC.",NSCH,PAX,UNK,4310.0,N,0,Pre2008.mdb
20001208X06391,2,N5246E,135,SUBS,Cessna,185,185,CESSNA,185,CESSNA 185,AIR,1,6,3350,,,NSCH,PAX,UNK,5675.0,N,3,Pre2008.mdb
20001208X06394,1,N20752,135,SUBS,Cessna,185,185,CESSNA,185,CESSNA 185,AIR,1,4,3350,,,NSCH,CARG,UNK,4040.0,N,3,Pre2008.mdb
20001208X06395,1,N800NC,135,SUBS,de Havilland,DHC-4,DHC-4,DEHAVILLAND,4,DEHAVILLAND 4,AIR,2,3,28500,,,NSCH,CARG,UNK,14638.0,Y,3,Pre2008.mdb
20001208X06397,1,N4170R,135,,Piper,PA-32-300,PA-32-300,PIPER,PA-32,PIPER PA-32,AIR,1,7,3400,,,NSCH,PACA,UNK,4400.0,N,0,Pre2008.mdb
20001208X07372,1,N32979,135,SUBS,Piper,PA-32-300,PA-32-300,PIPER,PA-32,PIPER PA-32,AIR,1,7,3400,,,NSCH,PAX,UNK,,N,3,Pre2008.mdb
20001208X07478,1,N1747U,135,SUBS,Cessna,207,207,CESSNA,207,CESSNA 207,AIR,1,7,3800,,YUTE AIR ALASKA,SCHD,PACA,UNK,8265.0,N,3,Pre2008.mdb
20001208X07481,1,N555CG,135,SUBS,Beech,G18S,G18S,BEECHCRAFT,G18S,BEECHCRAFT G18S,AIR,2,1,10100,,,NSCH,CARG,UNK,16867.0,N,3,Pre2008.mdb
20001208X07639,1,N6299H,135,SUBS,Cessna,207,207,CESSNA,207,CESSNA 207,AIR,1,7,3800,,OLSON AIR SERVICE,SCHD,PAX,UNK,11469.0,N,3,Pre2008.mdb
20001208X07640,1,N218CS,135,SUBS,Piper,PA-31-T3,PA-31-T3,PIPER,PA-31,PIPER PA-31,AIR,2,10,9000,,,SCHD,PACA,UNK,9160.0,N,3,Pre2008.mdb
20001208X07645,1,N9000N,135,SUBS,Piper,PA-32,PA-32,PIPER,PA-32,PIPER PA-32,AIR,1,7,3400,,,NSCH,PACA,UNK,5291.0,Y,3,Pre2008.mdb
20001208X08282,1,N9481F,135,SUBS,Cessna,208,208,CESSNA,208,CESSNA 208,AIR,1,10,8000,,PENINSULA AIRWAYS INC.,SCHD,PACA,UNK,8670.0,N,3,Pre2008.mdb
20001208X08283,1,N9855X,135,SUBS,Cessna,185,185,CESSNA,185,CESSNA 185,AIR,1,4,3200,,"HUDSON AIR SERVICE, INC.",NSCH,PAX,UNK,10050.0,N,3,Pre2008.mdb
20001208X08531,1,N5246E,135,SUBS,Cessna,185,185,CESSNA,185,CESSNA 185,AIR,1,6,3350,,,NSCH,PAX,UNK,6243.0,N,3,Pre2008.mdb
20001208X08535,1,N3RY,135,SUBS,Cessna,185,185,CESSNA,185,CESSNA 185,AIR,1,4,3350,,WHISTLER AIR SERVICE,NSCH,PAX,UNK,5064.0,N,3,Pre2008.mdb
20001208X08536,1,N27188,121,SUBS,Fairchild,SA227-AC,SA227-AC,FAIRCHILD,SA227,FAIRCHILD SA227,AIR,2,19,16000,,MERLIN EXPRESS,SCHD,PAX,UNK,14412.0,Y,3,Pre2008.mdb
20001208X08537,1,N6465V,135,SUBS,Helio,H-295,H-295,HELIO,295,HELIO 295,AIR,1,4,3800,,WRIGHT AIR SERVICE,NSCH,PAX,UNK,7519.0,N,3,Pre2008.mdb
20001208X08538,1,N4170R,135,SUBS,Piper,PA-32-300,PA-32-300,PIPER,PA-32,PIPER PA-32,AIR,1,7,3400,,KUSKO AVIATION,NSCH,PAX,UNK,,N,3,Pre2008.mdb
20001208X08761,1,N7318U,135,SUBS,Cessna,207A,207A,CESSNA,207,CESSNA 207,AIR,1,7,3812,,,NSCH,PAX,UNK,6922.0,N,3,Pre2008.mdb
20001211X09976,1,N755AB,135,SUBS,Cessna,207,207,CESSNA,207,CESSNA 207,AIR,1,7,3800,,,SCHD,PAX,UNK,11754.0,N,3,Pre2008.mdb
20001211X09979,1,N9956M,135,SUBS,Cessna,207,207,CESSNA,207,CESSNA 207,AIR,1,6,3800,,,NSCH,CARG,UNK,11610.0,N,3,Pre2008.mdb
20001211X10206,1,N9855X,135,SUBS,Cessna,185,185,CESSNA,185,CESSNA 185,AIR,1,6,3200,,"HUDSON AIR SERVICE, INC.",NSCH,PAX,UNK,10146.0,N,3,Pre2008.mdb
20001211X10212,1,N185DG,135,SUBS,Cessna,A185F,A185F,CESSNA,A185,CESSNA A185,AIR,1,6,3350,,"DOUGLAS GEETING AVIATION, INC.",NSCH,PAX,UNK,6561.0,N,3,Pre2008.mdb
20001211X10216,1,N1673U,135,SUBS,Cessna,207,207,CESSNA,207,CESSNA 207,AIR,1,7,3800,,INLAND AVIATION SERVICES INC.,NSCH,PAX,UNK,11877.0,N,3,Pre2008.mdb
20001211X10221,1,N402LC,121,SUBS,Lockheed,L-382G,L-382G,LOCKHEED,L-382,LOCKHEED L-382,AIR,4,5,155000,,,NSCH,CARG,UNK,,Y,3,Pre2008.mdb
20001206X01021,1,N9710C,135,DEST,PIPER,PA-32RT-300,PA-32RT-30,PIPER,PA-32,PIPER PA-32,AIR,1,2,3600,,"TENNESSEE AIR CORP INC.,",NSCH,CARG,UNK,6279.0,N,4,Pre2008.mdb
20001211X13516,1,N638DL,121,MINR,BOEING,757-232,757-232,BOEING,757,BOEING 757,AIR,2,190,223800,,,SCHD,PAX,UNK,18266.0,Y,2,Pre2008.mdb
20001206X00695,1,N882CC,121,,BOEING,DHC-8-102,DHC-8-102,BOEING,DHC-8-102,BOEING DHC-8-102,AIR,2,41,34500,,"CCAIR, INC.",SCHD,PAX,UNK,10778.0,Y,0,Pre2008.mdb
20001206X01204,1,N890US,121,MINR,FOKKER,F28 MK 0100,F28 MK 010,FOKKER,F28,FOKKER F28,AIR,2,100,95000,,"USAIR, INC.",SCHD,PAX,UNK,5845.0,Y,2,Pre2008.mdb
20001206X01205,1,N245AE,135,,Saab-Scania AB (Saab),S340B,S340B,SAAB-SCANIA AB (SAAB),S340B,SAAB-SCANIA AB (SAAB) S340B,AIR,2,36,29000,,"WINGS WEST AIRLINES, INC.",SCHD,PAX,UNK,6003.0,Y,0,Pre2008.mdb
20001206X01206,1,N986US,121,MINR,DOUGLAS,DC-9-32,DC-9-32,MCDONNELL DOUGLAS,DC-9,MCDONNELL DOUGLAS DC-9,AIR,3,104,108000,,"NORTHWEST AIRLINES, INC",SCHD,PAX,UNK,54685.0,Y,2,Pre2008.mdb
20001207X04951,1,N4219T,135,SUBS,Piper,PA-32-300,PA-32-300,PIPER,PA-32,PIPER PA-32,AIR,1,2,3400,,,NSCH,CARG,UNK,2525.0,N,3,Pre2008.mdb
20001207X04953,1,N306DL,121,SUBS,Boeing,737-232,737-232,BOEING,737,BOEING 737,AIR,2,114,115500,,DELTA AIR LINES,SCHD,PAX,UNK,31989.0,Y,3,Pre2008.mdb
20001208X07667,1,N14245,121,,Boeing,737-200,737-200,BOEING,737,BOEING 737,AIR,2,105,109000,,,SCHD,PACA,UNK,8294.0,Y,0,Pre2008.mdb
20001208X07854,1,N768DL,121,,Lockheed,L-1011-385-3,L-1011-385,LOCKHEED,L-1011,LOCKHEED L-1011,AIR,3,231,442000,,,SCHD,PAX,UNK,63459.0,Y,0,Pre2008.mdb
20001208X08067,1,N651UA,121,,Boeing,767-300,767-300,BOEING,767,BOEING 767,AIR,,,,,UNITED AIRLINES,SCHD,PAX,UNK,,,0,Pre2008.mdb
20001211X09984,1,N96CW,135,DEST,Bell,206L-3,206L-3,BELL,206,BELL 206,HELI,1,5,4150,,,NSCH,PAX,UNK,1328.0,N,4,Pre2008.mdb
20001208X09257,1,N90070,121,MINR,Airbus Industrie,A-300-600,A300-600,AIRBUS,A-300-600,AIRBUS A-300-600,AIR,2,267,375888,,AMERICAN AIRLINES,SCHD,PACA,UNK,24372.0,Y,2,Pre2008.mdb
20001214X41904,1,N7389U,135,SUBS,CESSNA,207A,207A,CESSNA,207,CESSNA 207,AIR,1,,3800,,HAROLDS AIR SERVICE,SCHD,PACA,UNK,2295.0,N,3,Pre2008.mdb
20001214X44384,1,N4559F,135,SUBS,CESSNA,185,185,CESSNA,185,CESSNA 185,AIR,1,4,3350,,"KENNETH C. SUMEY, COLUMBIA AIR",NSCH,PAX,UNK,4405.0,N,3,Pre2008.mdb
20001214X41911,1,N8385G,135,MINR,PIPER,PA32-301,PA32-301,PIPER,PA32,PIPER PA32,AIR,1,7,3600,,ISLAND AIR SERVICE,NSCH,PACA,UNK,,N,2,Pre2008.mdb
20001214X42106,1,N73100,135,MINR,CESSNA,207A,207A,CESSNA,207,CESSNA 207,AIR,1,7,3800,,,NSCH,PAX,UNK,2936.0,N,2,Pre2008.mdb
20001214X42107,1,N75551,135,MINR,CESSNA,207A,207A,CESSNA,207,CESSNA 207,AIR,1,7,3800,,,SCHD,PACA,UNK,1923.0,N,2,Pre2008.mdb
20001214X42314,1,N1840Q,135,MINR,CESSNA,177RG,177RG,CESSNA,177,CESSNA 177,AIR,1,4,2800,,,NSCH,PAX,UNK,3420.0,N,2,Pre2008.mdb
20001214X42317,1,N6470H,135,MINR,CESSNA,C-207A,C-207A,CESSNA,207,CESSNA 207,AIR,1,6,3800,,,NSCH,PAX,UNK,,N,2,Pre2008.mdb
20001214X43176,1,N15400,135,SUBS,PIPER,PA-32-300,PA-32-300,PIPER,PA-32,PIPER PA-32,AIR,1,4,3400,,TRI-CITY AIR SERVICE,NSCH,PAX,UNK,2660.0,N,3,Pre2008.mdb
20001214X43571,1,N70059,135,SUBS,CESSNA,185,185,CESSNA,185,CESSNA 185,AIR,1,4,3320,,,NSCH,PAX,UNK,7798.0,N,3,Pre2008.mdb
20001214X43976,1,N73789,135,SUBS,CESSNA,T-207A,T-207A,CESSNA,207,CESSNA 207,AIR,1,7,3800,,,NSCH,PAX,UNK,20.0,N,3,Pre2008.mdb
20001214X43977,1,N3129S,135,DEST,de Havilland,DHC-2,DHC-2,DEHAVILLAND,2,DEHAVILLAND 2,AIR,1,6,4500,,,NSCH,PAX,UNK,7000.0,N,4,Pre2008.mdb
20001214X43979,1,N87TA,135,SUBS,BELL,B-206B,B-206B,BELL,206,BELL 206,HELI,1,5,3600,,,NSCH,PAX,UNK,2663.0,N,3,Pre2008.mdb
20001214X44386,1,N5147G,135,SUBS,de Havilland,"DHC-2, MK-1","DHC-2, MK-",DEHAVILLAND,2,DEHAVILLAND 2,AIR,1,5,5100,,,NSCH,PAX,UNK,7138.0,N,3,Pre2008.mdb
20001214X44392,1,N93282,135,SUBS,CESSNA,185,185,CESSNA,185,CESSNA 185,AIR,1,4,3350,,,NSCH,PAX,UNK,2218.0,N,3,Pre2008.mdb
20001214X44394,1,N1619U,135,SUBS,CESSNA,207,207,CESSNA,207,CESSNA 207,AIR,1,7,3800,,,NSCH,PAX,UNK,5066.0,N,3,Pre2008.mdb
20001214X38502,1,N9950M,135,SUBS,CESSNA,207A,207A,CESSNA,207,CESSNA 207,AIR,1,7,3800,,,NSCH,PACA,UNK,1505.0,N,3,Pre2008.mdb
20001214X38930,1,N5051F,135,SUBS,FAIRCHILD HILLER,FH-100,FH-100,FAIRCHILD HILLER,100,FAIRCHILD HILLER 100,HELI,1,4,2750,,GULKANA AIR SERVICE,NSCH,PAX,UNK,4598.0,N,3,Pre2008.mdb
20001214X39450,1,N1078N,135,SUBS,BELL,206L-1,206L-1,BELL,206,BELL 206,HELI,1,7,4150,,AIR LOGISTICS OF AK  INC.,NSCH,PAX,UNK,3209.0,N,3,Pre2008.mdb
20001214X39451,1,N4143W,135,SUBS,PIPER,PA-32,PA-32,PIPER,PA-32,PIPER PA-32,AIR,1,6,3400,,,NSCH,PAX,UNK,3680.0,N,3,Pre2008.mdb
20001214X37320,1,N68085,135,DEST,de Havilland,DHC-2 MK.1,DHC-2 MK.1,DEHAVILLAND,2,DEHAVILLAND 2,AIR,1,4,5100,,,NSCH,PACA,UNK,9018.0,N,4,Pre2008.mdb
20001214X37658,1,N5317G,135,DEST,de Havilland,DHC-2,DHC-2,DEHAVILLAND,2,DEHAVILLAND 2,AIR,1,4,5090,,WILLOW AIR SERVICE,NSCH,PAX,UNK,7640.0,N,4,Pre2008.mdb
20001214X36335,1,N9943M,135,MINR,CESSNA,207A,207A,CESSNA,207,CESSNA 207,AIR,1,7,3800,,BARROW AIR,SCHD,PAX,UNK,1858.0,N,2,Pre2008.mdb
20001214X37659,1,N65798,135,MINR,CESSNA,C-172P,C-172P,CESSNA,172,CESSNA 172,AIR,1,4,2400,,VILLAGE AVIATION,NSCH,PAX,UNK,1885.0,N,2,Pre2008.mdb
20001214X41249,1,N4863C,135,SUBS,CESSNA,U206,U206,CESSNA,U206,CESSNA U206,AIR,1,6,3600,,CHITINA AIR SERVICE,NSCH,PAX,UNK,4343.0,N,3,Pre2008.mdb
20001214X41251,1,N9540,135,SUBS,BEECH,3NM,3NM,BEECHCRAFT,3N,BEECHCRAFT 3N,AIR,2,2,9360,,"RYAN AIR SERVICE, INC.",NSCH,PAX,UNK,7635.0,N,3,Pre2008.mdb
20001214X36641,1,N99838,135,SUBS,de Havilland,DHC-2,DHC-2,DEHAVILLAND,2,DEHAVILLAND 2,AIR,1,8,5090,,CHISUM FLYING SERVICE,NSCH,CARG,UNK,9856.0,N,3,Pre2008.mdb
20001214X36344,1,N9975M,135,MINR,CESSNA,207,207,CESSNA,207,CESSNA 207,AIR,1,8,3800,,,NSCH,PACA,UNK,860.0,N,2,Pre2008.mdb
20001214X36344,2,N1809Q,135,SUBS,CESSNA,207A,207A,CESSNA,207,CESSNA 207,AIR,1,8,3800,,,NSCH,PACA,UNK,385.0,N,3,Pre2008.mdb
20001214X36649,1,N20541,135,SUBS,CESSNA,172M,172M,CESSNA,172,CESSNA 172,AIR,1,4,2300,,KENNETH D. TRIPLETT,NSCH,PAX,UNK,5506.0,N,3,Pre2008.mdb
20001214X36950,1,N1686U,135,SUBS,CESSNA,207,207,CESSNA,207,CESSNA 207,AIR,1,7,3800,,,NSCH,PAX,UNK,5700.0,N,3,Pre2008.mdb
20001214X37668,1,N80124,135,SUBS,CESSNA,A185F,A185F,CESSNA,A185,CESSNA A185,AIR,1,5,3350,,KENNEDY AIR SERVICE,NSCH,PAX,UNK,3395.0,N,3,Pre2008.mdb
20001214X37678,1,N11250,135,SUBS,de Havilland,DHC-3,DHC-3,DEHAVILLAND,3,DEHAVILLAND 3,AIR,1,1,8000,,,NSCH,CARG,UNK,,N,3,Pre2008.mdb
20001214X37345,1,N455JA,135,DEST,GATES LEARJET,24D,24D,GATES LEARJET,24D,GATES LEARJET 24D,AIR,2,8,13500,,"ERA HELICOPTERS, INC.",NSCH,PACA,UNK,6645.0,Y,4,Pre2008.mdb
20001214X37681,1,N674MA,121,SUBS,BOEING,737-2X6C,737-2X6C,BOEING,737,BOEING 737,AIR,2,76,128100,,,SCHD,PACA,UNK,614.0,Y,3,Pre2008.mdb
20001214X38167,1,N9241F,135,DEST,CESSNA,208,208,CESSNA,208,CESSNA 208,AIR,1,10,7300,,"HERMENS AIR, INC.",SCHD,PACA,UNK,860.0,N,4,Pre2008.mdb
20001214X38168,1,N74DJ,135,DEST,PIPER,PA-32-300,PA-32-300,PIPER,PA-32,PIPER PA-32,AIR,1,7,3400,,,NSCH,PAX,UNK,4500.0,N,4,Pre2008.mdb
20001214X38326,1,N6497H,135,SUBS,CESSNA,C-207,C-207,CESSNA,207,CESSNA 207,AIR,1,7,3600,,RYAN AIR SERVICE,SCHD,PAX,UNK,6353.0,N,3,Pre2008.mdb
20001213X34897,1,N406TH,135,SUBS,Short Brothers,SC7,SC7,SHORT BROTHERS,SC7,SHORT BROTHERS SC7,AIR,1,2,12500,,,NSCH,CARG,UNK,10107.0,N,3,Pre2008.mdb
20001213X35084,1,N1763U,135,SUBS,CESSNA,207A,207A,CESSNA,207,CESSNA 207,AIR,1,7,3800,,,NSCH,PAX,UNK,4500.0,N,3,Pre2008.mdb
20001213X35289,1,N4736U,135,SUBS,CESSNA,U206G,U206G,CESSNA,U206,CESSNA U206,AIR,1,6,3500,,ISLAND AIR SERVICE,NSCH,PAX,UNK,3525.0,N,3,Pre2008.mdb
20001213X30174,1,N6970J,135,SUBS,PIPER,PA-34,PA-34,PIPER,PA-34,PIPER PA-34,AIR,2,6,4570,,,NSCH,PAX,UNK,4006.0,Y,3,Pre2008.mdb
20001213X25585,1,N897P,135,DEST,PIPER,PA-32-260,PA-32-260,PIPER,PA-32,PIPER PA-32,AIR,1,6,3400,,,NSCH,PACA,UNK,1294.0,N,4,Pre2008.mdb
20001213X25587,2,N353EH,135,DEST,AEROSPATIALE,AS350D,AS350D,AEROSPATIALE,AS350D,AEROSPATIALE AS350D,HELI,1,2,4300,,,NSCH,CARG,UNK,3250.0,N,4,Pre2008.mdb
20001213X26091,1,N482SA,135,SUBS,FAIRCHILD,SA227-AT,SA227-AT,FAIRCHILD,SA227,FAIRCHILD SA227,AIR,2,20,14500,,PENINSULA AIRWAYS,SCHD,PACA,UNK,10546.0,Y,3,Pre2008.mdb
20001213X26405,1,N5718M,135,SUBS,CESSNA,402B,402B,CESSNA,402,CESSNA 402,AIR,2,10,6300,,WILBURS INC.,NSCH,CARG,UNK,3051.0,N,3,Pre2008.mdb
20001213X32225,1,N5718M,135,MINR,CESSNA,402B,402B,CESSNA,402,CESSNA 402,AIR,2,10,6300,,,SCHD,PACA,UNK,2128.0,N,2,Pre2008.mdb
20001213X25365,1,N73188,135,MINR,CESSNA,207A,207A,CESSNA,207,CESSNA 207,AIR,1,8,3800,,,NSCH,CARG,UNK,5668.0,N,2,Pre2008.mdb
20001213X32230,1,N91021,135,SUBS,CESSNA,207A,207A,CESSNA,207,CESSNA 207,AIR,1,7,3800,,,NSCH,PAX,UNK,,N,3,Pre2008.mdb
20001213X32234,1,N61376,135,SUBS,CESSNA,A185,A185,CESSNA,A185,CESSNA A185,AIR,1,6,3350,,,NSCH,PACA,UNK,2740.0,N,3,Pre2008.mdb
20001213X32235,1,N2585M,135,SUBS,PIPER,PA32,PA32,PIPER,PA32,PIPER PA32,AIR,1,6,3400,,,NSCH,PACA,UNK,9902.0,N,3,Pre2008.mdb
20001213X32236,1,N43639,135,SUBS,PIPER,PA-32-301,PA-32-301,PIPER,PA-32,PIPER PA-32,AIR,1,6,3400,,,NSCH,PACA,UNK,3106.0,N,3,Pre2008.mdb
20001213X32456,1,N9370F,135,SUBS,CESSNA,208,208,CESSNA,208,CESSNA 208,AIR,1,6,8000,,,SCHD,PAX,UNK,2181.0,N,3,Pre2008.mdb
20001213X24830,1,N73036,135,SUBS,CESSNA,207,207,CESSNA,207,CESSNA 207,AIR,1,7,3800,,YUTE AIR SERVICE,NSCH,PAX,UNK,4826.0,N,3,Pre2008.mdb
20001213X28013,1,N100AP,135,,DE HAVILLAND,DHC-6-100,DHC-6-100,DEHAVILLAND,6,DEHAVILLAND 6,AIR,2,21,11579,,,SCHD,PACA,UNK,17780.0,Y,0,Pre2008.mdb
20001213X28216,1,N47895,135,MINR,PIPER,PA-34-200T,PA-34-200T,PIPER,PA-34,PIPER PA-34,AIR,2,6,4570,,WILBURS INCORPORATED,SCHD,PAX,UNK,7405.0,N,2,Pre2008.mdb
20001213X28217,1,N818FT,121,MINR,BOEING,747-121,747-121,BOEING,747,BOEING 747,AIR,4,,750000,,FLYING TIGER LINE,SCHD,CARG,UNK,47027.0,Y,2,Pre2008.mdb
20001213X26954,1,N122SC,135,SUBS,CESSNA,206,206,CESSNA,206,CESSNA 206,AIR,1,6,3500,,"PENINSULA AIRWAYS, INC.",NSCH,PAX,UNK,1692.0,N,3,Pre2008.mdb
20001213X26957,1,N734GW,135,SUBS,CESSNA,206,206,CESSNA,206,CESSNA 206,AIR,1,6,3600,,,NSCH,PACA,UNK,34617.0,N,3,Pre2008.mdb
20001213X26958,1,N9965M,135,SUBS,CESSNA,207,207,CESSNA,207,CESSNA 207,AIR,1,5,3800,,CAPE SMYTH AIR SERVICES INC.,SCHD,PACA,UNK,,N,3,Pre2008.mdb
20001213X26963,1,N8402S,135,SUBS,PIPER,PA-32-301,PA-32-301,PIPER,PA-32,PIPER PA-32,AIR,1,7,3600,,,NSCH,CARG,UNK,9566.0,N,3,Pre2008.mdb
20001213X27182,1,N4759E,135,SUBS,CESSNA,A185F,A185F,CESSNA,A185,CESSNA A185,AIR,1,4,3350,,COOK INLET AVIATION,NSCH,MAIL,UNK,,N,3,Pre2008.mdb
20001213X26965,1,N449SA,135,SUBS,CESSNA,182C,182C,CESSNA,182,CESSNA 182,AIR,1,4,2650,,SEAGULL AIR SERVICE INC.,NSCH,PAX,UNK,,N,3,Pre2008.mdb
20001213X27362,1,N525EH,135,SUBS,de Havilland,DHC-6,DHC-6,DEHAVILLAND,6,DEHAVILLAND 6,AIR,2,17,11579,,ERA AVIATION,SCHD,PAX,UNK,19343.0,Y,3,Pre2008.mdb
20001213X27365,1,N9948M,135,SUBS,CESSNA,207,207,CESSNA,207,CESSNA 207,AIR,1,7,3800,,BAKER AVIATION INC.,SCHD,PACA,UNK,1641.0,N,3,Pre2008.mdb
20001213X27366,1,N70087,135,SUBS,CESSNA,185,185,CESSNA,185,CESSNA 185,AIR,1,4,3350,,YUKON AIR SERVICE,NSCH,PAX,UNK,4342.0,N,3,Pre2008.mdb
20001213X29894,1,N302SC,135,DEST,PIPER,PA-31,PA-31,PIPER,PA-31,PIPER PA-31,AIR,2,10,9050,,,NSCH,PAX,UNK,9266.0,N,4,Pre2008.mdb
20001212X22355,1,N900TH,135,SUBS,BEECH,E18F,E18F,BEECHCRAFT,E18F,BEECHCRAFT E18F,AIR,2,2,11500,,,NSCH,CARG,UNK,5771.0,Y,3,Pre2008.mdb
20001212X22501,1,N27328,135,DEST,PIPER,PA-31-350,PA-31-350,PIPER,PA-31,PIPER PA-31,AIR,2,10,7000,,,NSCH,CARG,UNK,12690.0,N,4,Pre2008.mdb
20001212X22640,1,N8290T,135,DEST,PIPER,PA-32-301,PA-32-301,PIPER,PA-32,PIPER PA-32,AIR,1,1,3600,,ARCTIC CIRCLE AIR SERVICE,NSCH,CARG,UNK,1910.0,N,4,Pre2008.mdb
20001212X22644,1,N200EH,135,SUBS,de Havilland,DHC-6,DHC-6,DEHAVILLAND,6,DEHAVILLAND 6,AIR,2,17,11579,,,SCHD,PACA,UNK,18160.0,Y,3,Pre2008.mdb
20001212X23293,1,N4257T,135,SUBS,PIPER,PA-32,PA-32,PIPER,PA-32,PIPER PA-32,AIR,1,6,3400,,,NSCH,CARG,UNK,4624.0,N,3,Pre2008.mdb
20001212X23296,1,N9985M,135,DEST,CESSNA,207A,207A,CESSNA,207,CESSNA 207,AIR,1,6,3800,,,NSCH,PAX,UNK,3391.0,N,4,Pre2008.mdb
20001212X23568,1,N300AH,135,SUBS,BELL,206L-1,206L-1,BELL,206,BELL 206,HELI,1,7,4150,,"ALASKA HELICOPTERS, INC.",NSCH,PACA,UNK,6380.0,N,3,Pre2008.mdb
20001212X24146,1,N59783,135,DEST,PIPER,PA-31-325,PA-31-325,PIPER,PA-31,PIPER PA-31,AIR,2,8,6500,,FRONTIER FLYING SERVICE,SCHD,PAX,UNK,,N,4,Pre2008.mdb
20001212X23879,1,N24BR,135,SUBS,DE HAVILLAND,DHC-2,DHC-2,DEHAVILLAND,2,DEHAVILLAND 2,AIR,1,6,5090,,"HARTLEY, INC",NSCH,PAX,UNK,9795.0,N,3,Pre2008.mdb
20001212X24155,1,N135W,135,SUBS,BEECH,H-18S,H-18S,BEECHCRAFT,18S,BEECHCRAFT 18S,AIR,2,2,10100,,,NSCH,CARG,UNK,11626.0,N,3,Pre2008.mdb
20001212X24166,1,N70087,135,SUBS,CESSNA,185,185,CESSNA,185,CESSNA 185,AIR,1,6,3350,,,NSCH,PAX,UNK,5384.0,N,3,Pre2008.mdb
20001212X24169,1,N7580Y,135,SUBS,PIPER,PA-18-150,PA-18-150,PIPER,PA-18,PIPER PA-18,AIR,1,2,1750,,,NSCH,PACA,UNK,,N,3,Pre2008.mdb
20001212X24170,1,N5322G,135,SUBS,DE HAVILLAND,DHC-3,DHC-3,DEHAVILLAND,3,DEHAVILLAND 3,AIR,1,2,8000,,,NSCH,CARG,UNK,7855.0,N,3,Pre2008.mdb
20001212X16532,1,N9968M,135,SUBS,CESSNA,207,207,CESSNA,207,CESSNA 207,AIR,1,7,3800,,MARKAIR EXPRESS,NSCH,CARG,UNK,7636.0,N,3,Pre2008.mdb
20001212X16533,1,N76RL,135,SUBS,PIPER,PA-32-300,PA-32-300,PIPER,PA-32,PIPER PA-32,AIR,1,6,3600,,CAMAI AIR,NSCH,CARG,UNK,4734.0,N,3,Pre2008.mdb
20001212X16534,1,N73279,135,SUBS,BELL,47,47,BELL,47,BELL 47,HELI,1,3,2950,,,NSCH,PAX,UNK,3873.0,N,3,Pre2008.mdb
20001212X16535,1,N308SC,135,SUBS,PIPER,PA-31T,PA-31T,PIPER,PA-31,PIPER PA-31,AIR,2,9,9000,,"SOUTH CENTRAL AIR, INC.",SCHD,PAX,UNK,5508.0,N,3,Pre2008.mdb
20001212X16898,1,N4593T,135,SUBS,PIPER,PA-32-300,PA-32-300,PIPER,PA-32,PIPER PA-32,AIR,1,2,3400,,CAMAI AIR,SCHD,PACA,UNK,7673.0,N,3,Pre2008.mdb
20001212X17142,1,N6255H,135,SUBS,CESSNA,207A,207A,CESSNA,207,CESSNA 207,AIR,1,6,3800,,"KUSKO AVIATION, INC.",NSCH,PAX,UNK,6463.0,N,3,Pre2008.mdb
20001212X18010,1,N21753,135,SUBS,CESSNA,A185F,A185F,CESSNA,A185,CESSNA A185,AIR,1,4,3320,,WILLIAM H. WOODIN,NSCH,PACA,UNK,2120.0,N,3,Pre2008.mdb
20001212X18014,1,N4894A,135,SUBS,PIPER,PA-18-150,PA-18-150,PIPER,PA-18,PIPER PA-18,AIR,1,2,1750,,TATONDUK OUTFITTERS LTD,NSCH,,,2638.0,N,3,Pre2008.mdb
20001212X18219,1,N20024,135,SUBS,CESSNA,172M,172M,CESSNA,172,CESSNA 172,AIR,1,4,2300,,VILLAGE AVIATION CORP,NSCH,PAX,UNK,8251.0,N,3,Pre2008.mdb
20001212X18221,1,N299GL,135,SUBS,Beech,BE-99,BE-99,BEECHCRAFT,99,BEECHCRAFT 99,AIR,2,17,10900,,,SCHD,PAX,UNK,34379.0,Y,3,Pre2008.mdb
20001211X14536,2,N1047F,135,MINR,CESSNA,185,185,CESSNA,185,CESSNA 185,AIR,1,6,3350,,DOUGLAS GEETING AVIATION,NSCH,PAX,UNK,5869.0,N,2,Pre2008.mdb
20001212X18531,1,N307SC,135,DEST,PIPER,"PA-31T3, T1040","PA-31T3, T",PIPER,PA-31,PIPER PA-31,AIR,2,10,9000,,"SOUTHCENTRAL AIR, INC.",SCHD,PAX,,9745.0,N,4,Pre2008.mdb
20001211X15017,1,N20086,135,DEST,Short Brothers,SC7,SC7,SHORT BROTHERS,SC7,SHORT BROTHERS SC7,AIR,2,20,12500,,ARCTIC CIRCLE AIR SERVICE INC.,NSCH,CARG,UNK,6390.0,N,4,Pre2008.mdb
20001211X15555,1,N1096X,135,DEST,MCDONNELL DOUGLAS,369D,369D,MCDONNELL DOUGLAS,369D,MCDONNELL DOUGLAS 369D,HELI,1,5,3000,,TUNDRA COPTERS INC.,NSCH,PAX,UNK,3023.0,N,4,Pre2008.mdb
20001212X18222,1,N200AK,135,MINR,PIPER,PA-31-350,PA-31-350,PIPER,PA-31,PIPER PA-31,AIR,2,10,7000,,FRONTIER FLYING SERVICE INC.,SCHD,PACA,UNK,1763.0,N,2,Pre2008.mdb
20001211X13924,1,N70076,135,MINR,CESSNA,207,207,CESSNA,207,CESSNA 207,AIR,1,6,3800,,MARKAIR EXPRESS,NSCH,PAX,UNK,8803.0,N,2,Pre2008.mdb
20001211X13925,1,N314SC,135,MINR,PIPER,PA-31-T3,PA-31-T3,PIPER,PA-31,PIPER PA-31,AIR,2,10,9000,,SOUTH CENTRAL AIR INC.,SCHD,PACA,UNK,6396.0,N,2,Pre2008.mdb
20001211X14747,1,N620PA,135,,FAIRCHILD,SA227-AC,SA227-AC,FAIRCHILD,SA227,FAIRCHILD SA227,AIR,2,21,14500,,"PENINSULA AIRWAYS, INC.",SCHD,PAX,UNK,,Y,0,Pre2008.mdb
20001211X14747,2,N75941,135,,CESSNA,207A,207A,CESSNA,207,CESSNA 207,AIR,1,8,3800,,MARKAIR EXPRESS,SCHD,PAX,UNK,,N,0,Pre2008.mdb
20001212X18223,1,N1681R,135,SUBS,CESSNA,A185F,A185F,CESSNA,A185,CESSNA A185,AIR,1,4,3350,,"WINDY'S MAG AIR, INC.",NSCH,PACA,UNK,4000.0,N,3,Pre2008.mdb
20001212X18225,1,N7353Q,135,SUBS,CESSNA,U206,U206,CESSNA,U206,CESSNA U206,AIR,1,4,3600,,"VILLAGE AVIATION, INC.",SCHD,PACA,UNK,7293.0,N,3,Pre2008.mdb
20001212X18226,1,N2756J,135,SUBS,CESSNA,A185E,A185E,CESSNA,A185,CESSNA A185,AIR,1,3,3350,,"WINDY'S MAG AIR, INC.",NSCH,CARG,UNK,1786.0,N,3,Pre2008.mdb
20001212X18228,1,N724CA,135,SUBS,DE HAVILLAND,DHC-6,DHC-6,DEHAVILLAND,6,DEHAVILLAND 6,AIR,2,10,12500,,MARKAIR EXPRESS INC.,SCHD,PACA,UNK,11274.0,Y,3,Pre2008.mdb
20001211X15793,1,N673MA,121,,BOEING,737-200,737-200,BOEING,737,BOEING 737,AIR,2,,103500,,"MARK AIR, INC",SCHD,PACA,UNK,,Y,0,Pre2008.mdb
20001211X15793,2,N680MA,121,,DE HAVILLAND,DHC-8,DHC-8,DEHAVILLAND,8,DEHAVILLAND 8,AIR,2,,30500,,MARK AIR INC.,SCHD,PACA,UNK,,Y,0,Pre2008.mdb
20001211X11640,1,N22932,135,MINR,GRUMMAN,G-21A,G-21A,GRUMMAN,21A,GRUMMAN 21A,AIR,2,9,8920,,"PENINSULA AIRWAYS, INC.",SCHD,PAX,UNK,12054.0,N,2,Pre2008.mdb
20001211X15798,1,N76RL,135,SUBS,PIPER,PA-32-300,PA-32-300,PIPER,PA-32,PIPER PA-32,AIR,1,7,3400,,CAMAI AIR,SCHD,PACA,UNK,8794.0,,3,Pre2008.mdb
20001214X37339,1,N7558H,135,SUBS,CESSNA,185,185,CESSNA,185,CESSNA 185,AIR,1,4,3320,,,NSCH,CARG,UNK,,N,3,Pre2008.mdb
20001213X33717,1,N9699M,135,DEST,CESSNA,207A,207A,CESSNA,207,CESSNA 207,AIR,1,2,3800,,,NSCH,PAX,UNK,3858.0,N,4,Pre2008.mdb
20001214X38328,1,N492SC,135,MINR,PIPER,NAVAJO PA-31-350,NAVAJO PA-,PIPER,PA-31,PIPER PA-31,AIR,2,10,7200,,"SOUTH CENTRAL AIR, INC.",SCHD,PAX,UNK,10396.0,N,2,Pre2008.mdb
20001213X32958,1,N9943M,135,MINR,CESSNA,207,207,CESSNA,207,CESSNA 207,AIR,1,7,3800,,,NSCH,PACA,UNK,2540.0,N,2,Pre2008.mdb
20001213X33722,1,N1737U,135,MINR,CESSNA,207,207,CESSNA,207,CESSNA 207,AIR,1,6,3800,,,NSCH,PAX,UNK,3800.0,N,2,Pre2008.mdb
20001213X33723,1,N41078,135,MINR,PIPER,PA-31-350,PA-31-350,PIPER,PA-31,PIPER PA-31,AIR,2,8,7000,,,NSCH,CARG,UNK,800.0,N,2,Pre2008.mdb
20001213X33724,1,N4450M,135,MINR,CESSNA,404,404,CESSNA,404,CESSNA 404,AIR,2,8,6300,,STAN HERMAN,SCHD,PAX,UNK,1430.0,N,2,Pre2008.mdb
20001213X34354,1,N1472M,135,MINR,CESSNA,207A,207A,CESSNA,207,CESSNA 207,AIR,1,7,3800,,,NSCH,PACA,UNK,3935.0,N,2,Pre2008.mdb
20001214X37931,1,N9570M,135,SUBS,CESSNA,207A,207A,CESSNA,207,CESSNA 207,AIR,1,6,3800,,,NSCH,CARG,UNK,2871.0,N,3,Pre2008.mdb
20001214X37932,1,N35851,135,SUBS,CESSNA,206,206,CESSNA,206,CESSNA 206,AIR,1,6,3500,,,NSCH,PAX,UNK,1204.0,N,3,Pre2008.mdb
20001213X33738,1,N67686,135,SUBS,de Havilland,DHC-2,DHC-2,DEHAVILLAND,2,DEHAVILLAND 2,AIR,1,2,5090,,,NSCH,PACA,UNK,9888.0,N,3,Pre2008.mdb
20001213X34051,1,N1704U,135,SUBS,CESSNA,207,207,CESSNA,207,CESSNA 207,AIR,1,1,3800,,,NSCH,PAX,UNK,8799.0,N,3,Pre2008.mdb
20001213X34681,1,N83U,135,SUBS,de Havilland,DHC-3,DHC-3,DEHAVILLAND,3,DEHAVILLAND 3,AIR,1,6,8000,,BERING AIR SERVICE,NSCH,PAX,UNK,8154.0,N,3,Pre2008.mdb
20001213X34686,1,N4611E,135,SUBS,CESSNA,A185F,A185F,CESSNA,A185,CESSNA A185,AIR,1,6,3350,,,NSCH,PACA,UNK,1004.0,N,3,Pre2008.mdb
20001213X32798,1,N9468M,135,DEST,CESSNA,207,207,CESSNA,207,CESSNA 207,AIR,1,6,3800,,,NSCH,PACA,UNK,4584.0,N,4,Pre2008.mdb
20001213X35287,1,N7635U,121,MINR,BOEING,727-222,727-222,BOEING,727,BOEING 727,AIR,3,134,172000,,,SCHD,PAX,UNK,42850.0,Y,2,Pre2008.mdb
20001213X30016,1,N9395M,135,DEST,CESSNA,207A,207A,CESSNA,207,CESSNA 207,AIR,1,6,3800,,,NSCH,PACA,UNK,4470.0,N,4,Pre2008.mdb
20001213X31069,1,N5349G,135,SUBS,de Havilland,DHC-2,DHC-2,DEHAVILLAND,2,DEHAVILLAND 2,AIR,1,6,5090,,,NSCH,PAX,UNK,,N,3,Pre2008.mdb
20001213X24834,1,N123TA,135,SUBS,PIPER,PA-32-300,PA-32-300,PIPER,PA-32,PIPER PA-32,AIR,1,2,3400,,PENINSULA AIRWAYS,NSCH,CARG,UNK,4121.0,N,3,Pre2008.mdb
20001213X24991,1,N9950M,135,SUBS,CESSNA,207,207,CESSNA,207,CESSNA 207,AIR,1,7,3800,,CAPE SMYTHE AIR SERVICE,NSCH,CARG,UNK,4447.0,N,3,Pre2008.mdb
20001213X24993,1,N8429N,135,SUBS,PIPER,PA-32-300,PA-32-300,PIPER,PA-32,PIPER PA-32,AIR,1,7,3400,,"KIPNUK AIR, INC.",NSCH,PAX,UNK,3341.0,N,3,Pre2008.mdb
20001213X25182,1,N70364,135,SUBS,CESSNA,207,207,CESSNA,207,CESSNA 207,AIR,1,7,3800,,,NSCH,CARG,UNK,,N,3,Pre2008.mdb
20001213X25369,1,N51205,135,SUBS,CESSNA,206,206,CESSNA,206,CESSNA 206,AIR,1,6,3600,,AIRLIFT ALASKA,NSCH,PACA,UNK,4916.0,N,3,Pre2008.mdb
20001213X25589,1,N22901,135,SUBS,CESSNA,185F,185F,CESSNA,185,CESSNA 185,AIR,1,6,3350,,,NSCH,PAX,UNK,3800.0,N,3,Pre2008.mdb
20001213X25593,1,N8259V,135,SUBS,PIPER,PA-32-301,PA-32-301,PIPER,PA-32,PIPER PA-32,AIR,1,7,3400,,,NSCH,PACA,UNK,,N,3,Pre2008.mdb
20001213X25836,1,N3125N,135,SUBS,DE HAVILLAND,DHC-3,DHC-3,DEHAVILLAND,3,DEHAVILLAND 3,AIR,1,2,8000,,,NSCH,CARG,UNK,8160.0,N,3,Pre2008.mdb
20001213X26741,1,N67207,135,SUBS,de Havilland,DHC-2,DHC-2,DEHAVILLAND,2,DEHAVILLAND 2,AIR,1,8,5090,,BRANCH RIVER AIR SERVICE,NSCH,PAX,UNK,8237.0,N,3,Pre2008.mdb
20001213X26749,1,N61500,135,SUBS,CESSNA,185F,185F,CESSNA,185,CESSNA 185,AIR,1,4,3350,,CAPE SMYTHE AIR SERVICE,NSCH,PACA,UNK,2162.0,N,3,Pre2008.mdb
20001213X26750,1,N1763U,135,SUBS,CESSNA,207A,207A,CESSNA,207,CESSNA 207,AIR,1,7,3800,,MANOKOTAK AIRWAYS,NSCH,PACA,UNK,,N,3,Pre2008.mdb
20001213X26751,1,N53546,135,SUBS,DE HAVILLAND,DHC-2,DHC-2,DEHAVILLAND,2,DEHAVILLAND 2,AIR,1,4,5090,,UYAK AIR SERIVCE INC.,NSCH,PAX,UNK,7837.0,N,3,Pre2008.mdb
20001213X26753,1,N4634Z,135,SUBS,CESSNA,206,206,CESSNA,206,CESSNA 206,AIR,1,6,3600,,HOMER AIR,NSCH,PAX,UNK,5427.0,N,3,Pre2008.mdb
20001213X27368,1,N9651M,135,SUBS,CESSNA,207,207,CESSNA,207,CESSNA 207,AIR,1,7,3800,,BAKER AVIATION,NSCH,CARG,UNK,42856.0,N,3,Pre2008.mdb
20001213X27517,1,N7329U,135,SUBS,CESSNA,207A,207A,CESSNA,207,CESSNA 207,AIR,1,7,3800,,RYAN AIR,SCHD,PAX,UNK,,N,3,Pre2008.mdb
20001213X27518,1,N5074R,135,SUBS,HUGHES,500-D,500-D,HUGHES,500,HUGHES 500,HELI,1,4,3000,,"SOLOY, L.C.",NSCH,PAX,UNK,3462.0,N,3,Pre2008.mdb
20001213X27521,1,N1749U,135,SUBS,CESSNA,207,207,CESSNA,207,CESSNA 207,AIR,1,7,3800,,,NSCH,PAX,UNK,9486.0,N,3,Pre2008.mdb
20001213X27522,1,N43527,135,SUBS,PIPER,PA-32-300,PA-32-300,PIPER,PA-32,PIPER PA-32,AIR,1,7,3400,,,NSCH,PACA,UNK,1871.0,N,3,Pre2008.mdb
20001213X27813,1,N4257T,135,SUBS,PIPER,PA-32,PA-32,PIPER,PA-32,PIPER PA-32,AIR,1,6,3400,,,SCHD,PAX,UNK,4051.0,N,3,Pre2008.mdb
20001213X28695,1,N2585M,135,SUBS,PIPER,PA-32,PA-32,PIPER,PA-32,PIPER PA-32,AIR,1,6,3400,,,NSCH,PAX,UNK,11440.0,N,3,Pre2008.mdb
20001213X28701,1,N5354G,135,SUBS,DE HAVILLAND,DHC-2,DHC-2,DEHAVILLAND,2,DEHAVILLAND 2,AIR,1,6,5090,,"OBERG, DAVID",NSCH,PAX,UNK,8136.0,N,3,Pre2008.mdb
20001213X28702,1,N32062,135,DEST,PIPER,PA-32-300,PA-32-300,PIPER,PA-32,PIPER PA-32,AIR,1,7,3400,,,NSCH,PAX,UNK,3947.0,N,4,Pre2008.mdb
20001213X29001,1,N6370H,135,SUBS,CESSNA,207-A,207-A,CESSNA,207,CESSNA 207,AIR,1,6,3800,,"WARBELOW, CHARLES",NSCH,PAX,UNK,6680.0,N,3,Pre2008.mdb
20001213X29510,1,N9382F,135,SUBS,CESSNA,208,208,CESSNA,208,CESSNA 208,AIR,1,10,8000,,MARK AIR EXPRESS,NSCH,PAX,UNK,1436.0,N,3,Pre2008.mdb
20001213X29726,1,N6255H,135,SUBS,CESSNA,207,207,CESSNA,207,CESSNA 207,AIR,1,7,3800,,KUSKO AVIATION,NSCH,PAX,UNK,5389.0,N,3,Pre2008.mdb
20001213X29728,1,N5511J,135,SUBS,PIPER,PA-32-260,PA-32-260,PIPER,PA-32,PIPER PA-32,AIR,1,7,3400,,,NSCH,PAX,UNK,,N,3,Pre2008.mdb
20001213X29896,1,N220H,135,SUBS,BEECH,18,18,BEECHCRAFT,18,BEECHCRAFT 18,AIR,2,2,10100,,,NSCH,CARG,UNK,12759.0,N,3,Pre2008.mdb
20001213X29897,1,N67941,135,SUBS,CESSNA,402,402,CESSNA,402,CESSNA 402,AIR,2,10,6850,,BAKER AVIATION,SCHD,PAX,UNK,5048.0,N,3,Pre2008.mdb
20001212X22358,1,N9720M,135,SUBS,CESSNA,207A,207A,CESSNA,207,CESSNA 207,AIR,1,7,3600,,,NSCH,PAX,UNK,3637.0,N,3,Pre2008.mdb
20001212X22503,1,N73128,135,SUBS,CESSNA,207,207,CESSNA,207,CESSNA 207,AIR,1,7,3800,,,SCHD,PAX,UNK,8192.0,N,3,Pre2008.mdb
20001212X23579,1,N4796B,135,SUBS,BELL,206B,206B,BELL,206,BELL 206,HELI,1,6,3200,,,NSCH,PAX,UNK,7869.0,N,3,Pre2008.mdb
20001212X23584,1,N7235N,135,SUBS,CESSNA,206G,206G,CESSNA,206,CESSNA 206,AIR,1,6,3800,,,NSCH,PAX,UNK,5135.0,N,3,Pre2008.mdb
20001212X23854,1,N159T,135,SUBS,PIPER,PA-18,PA-18,PIPER,PA-18,PIPER PA-18,AIR,1,2,1750,,,NSCH,PAX,UNK,1610.0,N,3,Pre2008.mdb
20001212X23856,1,N40CF,135,SUBS,CESSNA,207,207,CESSNA,207,CESSNA 207,AIR,1,7,3800,,,NSCH,PAX,UNK,9464.0,N,3,Pre2008.mdb
20001212X23858,1,N5246E,135,SUBS,CESSNA,185,185,CESSNA,185,CESSNA 185,AIR,1,6,3350,,,NSCH,PACA,UNK,,N,3,Pre2008.mdb
20001212X23860,1,N6481V,135,SUBS,HELIO,HE-3/H-295,HE-3/H-295,HELIO,3,HELIO 3,AIR,1,4,3800,,"WRIGHT AIR SERVICE, INC.",NSCH,PACA,UNK,13125.0,N,3,Pre2008.mdb
20001212X23867,1,N26492,135,SUBS,AEROSPATIALE,AS-350-B,AS-350-B,AEROSPATIALE,350,AEROSPATIALE 350,HELI,1,6,4300,,,NSCH,PAX,UNK,4078.0,N,3,Pre2008.mdb
20001212X24392,1,N1107G,135,SUBS,HUGHES,500D,500D,HUGHES,500D,HUGHES 500D,HELI,1,5,3000,,,NSCH,PAX,UNK,4266.0,N,3,Pre2008.mdb
20001212X24709,1,N4082H,135,DEST,PIPER,PA-31-350,PA-31-350,PIPER,PA-31,PIPER PA-31,AIR,2,2,7000,,ALPINE AVIATION,NSCH,CARG,UNK,,N,4,Pre2008.mdb
20001212X24710,1,N9444F,135,DEST,CESSNA,208,208,CESSNA,208,CESSNA 208,AIR,1,10,8000,,,SCHD,PACA,UNK,1787.0,N,4,Pre2008.mdb
20001212X16523,1,N6216U,135,DEST,CESSNA,206,206,CESSNA,206,CESSNA 206,AIR,1,6,3600,,,NSCH,PAX,UNK,6403.0,N,4,Pre2008.mdb
20001212X18000,1,N9438F,135,SUBS,CESSNA,208,208,CESSNA,208,CESSNA 208,AIR,1,,8000,,MARKAIR EXPRESS INC.,NSCH,PACA,UNK,4080.0,N,3,Pre2008.mdb
20001212X16252,1,N4118G,135,MINR,PIPER,PA-31-350,PA-31-350,PIPER,PA-31,PIPER PA-31,AIR,2,12,7000,,,SCHD,PAX,UNK,6818.0,N,2,Pre2008.mdb
20001212X16389,1,N672MA,121,MINR,BOEING,737-200,737-200,BOEING,737,BOEING 737,AIR,2,50,104000,,"MARKAIR, INC.",SCHD,PACA,UNK,,Y,2,Pre2008.mdb
20001212X16524,1,N400WA,135,MINR,BEECH,C-45H,C-45H,BEECHCRAFT,45H,BEECHCRAFT 45H,AIR,2,2,11500,,,NSCH,PACA,UNK,13093.0,N,2,Pre2008.mdb
20001212X17406,1,N302MH,135,SUBS,BELL,206BIII,206BIII,BELL,206,BELL 206,HELI,1,5,3200,,MARITIME HELICOPTERS,NSCH,PAX,UNK,6142.0,N,3,Pre2008.mdb
20001212X17416,1,N67941,135,SUBS,CESSNA,402-C,402-C,CESSNA,402,CESSNA 402,AIR,2,2,6850,,,SCHD,PACA,UNK,6417.0,N,3,Pre2008.mdb
20001212X17417,1,N2120M,135,SUBS,PIPER,PA-32-300,PA-32-300,PIPER,PA-32,PIPER PA-32,AIR,1,6,3400,,"PENINSULA AIRWAYS, INC.",NSCH,PAX,UNK,30000.0,N,3,Pre2008.mdb
20001212X17419,1,N1650Z,135,SUBS,CESSNA,185,185,CESSNA,185,CESSNA 185,AIR,2,4,3350,,,NSCH,PAX,UNK,7100.0,N,3,Pre2008.mdb
20001212X17740,1,N715V,135,DEST,CESSNA,185F,185F,CESSNA,185,CESSNA 185,AIR,1,4,3350,,DOUGLAS D. RIEMER,NSCH,CARG,UNK,8220.0,N,4,Pre2008.mdb
20001212X17746,1,N5371G,135,SUBS,DE HAVILLAND,DHC-2,DHC-2,DEHAVILLAND,2,DEHAVILLAND 2,AIR,1,5,5090,,,NSCH,PAX,UNK,9629.0,N,3,Pre2008.mdb
20001212X17752,1,N228A,135,SUBS,Beech,B-18H,B-18H,BEECHCRAFT,18H,BEECHCRAFT 18H,AIR,2,2,10100,,"BERING AIR, INC.",NSCH,CARG,UNK,6650.0,N,3,Pre2008.mdb
20001212X17755,1,N9796P,135,SUBS,PIPER,PA-18,PA-18,PIPER,PA-18,PIPER PA-18,AIR,1,2,1750,,GARY L. BISHOP,NSCH,PACA,UNK,2500.0,N,3,Pre2008.mdb
20001211X14065,1,N6312H,135,SUBS,CESSNA,207A,207A,CESSNA,207,CESSNA 207,AIR,1,7,3800,,"MARKAIR EXPRESS, INC.",NSCH,CARG,UNK,6373.0,N,3,Pre2008.mdb
20001211X14199,1,N84547,135,SUBS,PIPER,PA-32-301,PA-32-301,PIPER,PA-32,PIPER PA-32,AIR,1,2,3600,,"ARCTIC CIRCLE AIR SERVICE, INC",SCHD,PACA,UNK,4105.0,N,3,Pre2008.mdb
20001211X14357,1,N9909Z,135,SUBS,CESSNA,U206G,U206G,CESSNA,U206,CESSNA U206,AIR,1,6,3600,,"BERING AIR, INC.",SCHD,PACA,UNK,5336.0,N,3,Pre2008.mdb
20001211X14358,1,N3555C,135,SUBS,PIPER,PA-31-350,PA-31-350,PIPER,PA-31,PIPER PA-31,AIR,2,9,7000,,FRONTIER FLYING SERVICE,SCHD,PACA,UNK,3989.0,N,3,Pre2008.mdb
20001211X13930,1,N64396,135,SUBS,DE HAVILLAND,DHC-2,DHC-2,DEHAVILLAND,2,DEHAVILLAND 2,AIR,1,8,5100,,"BELLOWS, KENNETH A",NSCH,CARG,UNK,,N,3,Pre2008.mdb
20001211X14364,1,N371EH,135,SUBS,Bell,B206 II,B206 II,BELL,206,BELL 206,HELI,1,5,3200,,"ERA AVIATION, INC.",NSCH,PACA,UNK,8641.0,N,3,Pre2008.mdb
20001211X14549,1,N124KT,135,SUBS,CESSNA,185,185,CESSNA,185,CESSNA 185,AIR,1,6,3350,,JIM AND JULIE OKONEK,NSCH,PACA,UNK,,N,3,Pre2008.mdb
20001211X14550,1,N15950,135,SUBS,PIPER,PA-32-300,PA-32-300,PIPER,PA-32,PIPER PA-32,AIR,1,6,3400,,STEVE R. WILSON,NSCH,PAX,UNK,2800.0,N,3,Pre2008.mdb
20001211X14752,2,N7392U,135,SUBS,CESSNA,207,207,CESSNA,207,CESSNA 207,AIR,1,7,3800,,"SPERNAK AIRWAYS, INC.",NSCH,PAX,UNK,7756.0,N,3,Pre2008.mdb
20001211X14753,1,N8395F,135,SUBS,McDonnell Douglas,MD-500D,MD-500D,MCDONNELL DOUGLAS,MD-500,MCDONNELL DOUGLAS MD-500,HELI,1,4,3000,,CRI HELICOPTERS,NSCH,PAX,UNK,,N,3,Pre2008.mdb
20001211X14756,1,N125KT,135,SUBS,CESSNA,185F,185F,CESSNA,185,CESSNA 185,AIR,1,4,3350,,K2 AVIATION,NSCH,PAX,UNK,5173.0,N,3,Pre2008.mdb
20001211X14758,1,N23CF,135,SUBS,CESSNA,207,207,CESSNA,207,CESSNA 207,AIR,1,7,3800,,"HAGELAND AVN. SERVICES, INC.",NSCH,PAX,UNK,8092.0,N,3,Pre2008.mdb
20001211X14759,1,N1589F,135,SUBS,CESSNA,185,185,CESSNA,185,CESSNA 185,AIR,1,6,3300,,HUDSON AIR SERVICE,NSCH,PACA,UNK,4551.0,N,3,Pre2008.mdb
20001211X15299,1,N8402S,135,SUBS,PIPER,PA-32,PA-32,PIPER,PA-32,PIPER PA-32,AIR,1,7,3600,,"PENINSULA AIRWAYS, INC.",SCHD,PAX,UNK,13610.0,N,3,Pre2008.mdb
20001211X15307,1,N3347L,135,SUBS,CESSNA,185E,185E,CESSNA,185,CESSNA 185,AIR,1,6,3300,,"GULF AIR TAXI, INC.",NSCH,PAX,UNK,8208.0,N,3,Pre2008.mdb
