ev_id,ev_type,ev_date,event_year,event_month,ev_city,ev_state,ev_country,ev_highest_injury,light_cond,wx_cond_basic,vis_sm,wind_vel_kts,fatalities,serious_injuries,minor_injuries,uninjured,dec_latitude,dec_longitude,_source_file,injury_score,event_severity_score,weather_category,time_era
20001213X25852,ACC,1988-06-11 00:00:00,1988,6,COLDFOOT,AK,USA,FATL,DAYL,Unk,,,1,0,0,0,64.809303,-147.720123,Pre2008.mdb,4,4,UNKNOWN,historical
20001211X15972,ACC,1992-11-06 00:00:00,1992,11,MONTAGUE ISLAND,AK,USA,FATL,DAYL,IMC,1.0,28,2,0,0,0,60.789829,-145.610626,Pre2008.mdb,4,4,IMC,historical
20001211X15973,ACC,1992-11-08 00:00:00,1992,11,KIANA,AK,USA,FATL,DUSK,IMC,4.0,,3,0,0,0,66.979461,-160.429565,Pre2008.mdb,4,4,IMC,historical
20001211X11897,ACC,1993-03-20 00:00:00,1993,3,RAINEY PASS,AK,USA,FATL,DAYL,IMC,,,1,0,0,0,63.6096,-154.780288,Pre2008.mdb,4,4,IMC,historical
20001211X12053,ACC,1993-04-03 00:00:00,1993,4,NOME,AK,USA,FATL,DAYL,IMC,0.25,13,2,0,0,0,64.709281,-164.619445,Pre2008.mdb,4,4,IMC,historical
20001211X12054,ACC,1993-04-24 00:00:00,1993,4,KASHWITNA,AK,USA,FATL,DAYL,VMC,40.0,10,2,0,0,0,,,Pre2008.mdb,4,4,VMC,historical
20001211X12256,ACC,1993-05-02 00:00:00,1993,5,COPPER HARBOR,AK,USA,FATL,DAYL,VMC,10.0,20,1,0,0,0,55.610378,-131.579406,Pre2008.mdb,4,4,VMC,historical
20001211X12257,ACC,1993-05-06 00:00:00,1993,5,HOLY CROSS,AK,USA,NONE,DAYL,VMC,30.0,7,0,0,0,1,62.180942,-159.840515,Pre2008.mdb,1,1,VMC,historical
20001211X12258,ACC,1993-05-08 00:00:00,1993,5,THORNE BAY,AK,USA,MINR,DAYL,VMC,20.0,8,0,0,2,0,55.68024,-132.190841,Pre2008.mdb,2,2,VMC,historical
20001211X12259,ACC,1993-05-17 00:00:00,1993,5,MALINA BAY,AK,USA,SERS,DAYL,VMC,30.0,,0,2,2,0,57.789897,-152.400405,Pre2008.mdb,3,3,VMC,historical
20001211X15791,ACC,1992-10-12 00:00:00,1992,10,TALKEETNA,AK,USA,FATL,NDRK,IMC,15.0,,4,0,0,0,62.450462,-149.789169,Pre2008.mdb,4,4,IMC,historical
20001211X12260,ACC,1993-05-28 00:00:00,1993,5,ANCHORAGE,AK,USA,NONE,DAYL,VMC,90.0,4,0,0,0,1,61.180675,-149.880599,Pre2008.mdb,1,1,VMC,historical
20001211X12494,ACC,1993-06-06 00:00:00,1993,6,ANCHORAGE,AK,USA,MINR,DAYL,VMC,60.0,18,0,0,1,0,61.209014,-149.889694,Pre2008.mdb,2,2,VMC,historical
20001211X12735,ACC,1993-07-01 00:00:00,1993,7,WASILLA,AK,USA,MINR,DAYL,VMC,,5,0,0,2,0,,,Pre2008.mdb,2,2,VMC,historical
20001211X12736,ACC,1993-07-09 00:00:00,1993,7,FAIRBANKS,AK,USA,FATL,DAYL,VMC,40.0,4,4,0,0,0,64.899917,-148.160263,Pre2008.mdb,4,4,VMC,historical
20001211X12737,ACC,1993-07-21 00:00:00,1993,7,DENALI NAT'L PK,AK,USA,SERS,DAYL,VMC,50.0,10,0,4,1,0,63.779182,-148.519592,Pre2008.mdb,3,3,VMC,historical
20001211X12738,ACC,1993-07-27 00:00:00,1993,7,BOISE,ID,USA,NONE,DAYL,VMC,40.0,5,0,0,0,3,43.559123,-116.20906,Pre2008.mdb,1,1,VMC,historical
20001211X13020,ACC,1993-08-04 00:00:00,1993,8,ATIGUN PASS,AK,USA,FATL,DAYL,IMC,,,1,0,0,0,64.809898,-147.719223,Pre2008.mdb,4,4,IMC,historical
20001211X15792,ACC,1992-10-09 00:00:00,1992,10,CHUGIAK,AK,USA,FATL,DAYL,Unk,,,1,0,0,0,61.41035,-149.169845,Pre2008.mdb,4,4,UNKNOWN,historical
20001211X13021,ACC,1993-08-19 00:00:00,1993,8,NIKABUNA LAKE,AK,USA,MINR,DAYL,VMC,5.0,5,0,0,3,3,59.850353,-154.56044,Pre2008.mdb,2,2,VMC,historical
20001211X13022,ACC,1993-08-31 00:00:00,1993,8,ILIAMNA,AK,USA,FATL,DAYL,VMC,7.0,12,3,3,0,0,59.849967,-154.56076,Pre2008.mdb,4,4,VMC,historical
20001211X13278,ACC,1993-09-02 00:00:00,1993,9,SANONA CREEK,AK,USA,FATL,DAYL,VMC,40.0,15,2,0,0,0,62.099132,-145.529876,Pre2008.mdb,4,4,VMC,historical
20001211X13279,ACC,1993-09-08 00:00:00,1993,9,TALKEETNA RIVER,AK,USA,SERS,DAYL,VMC,15.0,,0,2,0,0,61.410034,-149.169433,Pre2008.mdb,3,3,VMC,historical
20001211X13280,ACC,1993-09-11 00:00:00,1993,9,COOPER LANDING,AK,USA,SERS,DAYL,VMC,50.0,5,0,3,1,0,60.490222,-149.819198,Pre2008.mdb,3,3,VMC,historical
20001211X13281,ACC,1993-09-13 00:00:00,1993,9,FAIRBANKS,AK,USA,FATL,NDRK,VMC,15.0,3,1,0,0,0,64.829338,-147.620773,Pre2008.mdb,4,4,VMC,historical
20001211X12261,INC,1993-05-31 00:00:00,1993,5,KODIAK,AK,USA,NONE,DAYL,VMC,20.0,4,0,0,0,2,57.789299,-152.400634,Pre2008.mdb,1,1,VMC,historical
20001211X12495,INC,1993-06-07 00:00:00,1993,6,ANCHORAGE,AK,USA,NONE,DAYL,VMC,60.0,12,0,0,0,2,61.159931,-149.989868,Pre2008.mdb,1,1,VMC,historical
20001211X12262,INC,1993-05-26 00:00:00,1993,5,KING SALMON,AK,USA,NONE,DAYL,VMC,30.0,15,0,0,0,1,58.75069,-156.540222,Pre2008.mdb,1,1,VMC,historical
20001211X12496,INC,1993-06-12 00:00:00,1993,6,HAINES,AK,USA,NONE,DAYL,VMC,30.0,,0,0,0,1,59.159049,-135.859024,Pre2008.mdb,1,1,VMC,historical
20001211X12497,INC,1993-06-13 00:00:00,1993,6,PORTAGE,AK,USA,NONE,DAYL,VMC,30.0,,0,0,0,3,55.919776,-159.489471,Pre2008.mdb,1,1,VMC,historical
20001211X12739,INC,1993-07-09 00:00:00,1993,7,NOME,AK,USA,NONE,DAYL,VMC,3.0,20,0,0,0,2,64.709709,-164.619293,Pre2008.mdb,1,1,VMC,historical
20001211X13282,INC,1993-09-12 00:00:00,1993,9,ANITA BAY,AK,USA,NONE,DAYL,VMC,20.0,,0,0,0,2,55.610042,-131.580902,Pre2008.mdb,1,1,VMC,historical
20001211X13283,INC,1993-09-22 00:00:00,1993,9,ANCHORAGE,AK,USA,NONE,DAYL,VMC,100.0,10,0,0,0,2,61.109291,-149.899322,Pre2008.mdb,1,1,VMC,historical
20001211X13284,INC,1993-09-25 00:00:00,1993,9,ANCHORAGE,AK,USA,NONE,DAYL,VMC,15.0,10,0,0,0,3,61.109458,-149.899658,Pre2008.mdb,1,1,VMC,historical
20001211X11642,ACC,1993-01-06 00:00:00,1993,1,NOME,AK,USA,NONE,NDRK,IMC,2.0,16,0,0,0,1,64.709098,-164.620086,Pre2008.mdb,1,1,IMC,historical
20001211X11773,ACC,1993-02-28 00:00:00,1993,2,WILLOW,AK,USA,NONE,DAYL,VMC,99.0,,0,0,0,2,61.889583,-149.73088,Pre2008.mdb,1,1,VMC,historical
20001211X11774,ACC,1993-02-23 00:00:00,1993,2,FAIRBANKS,AK,USA,NONE,DAYL,VMC,30.0,,0,0,0,1,64.810699,-147.719009,Pre2008.mdb,1,1,VMC,historical
20001211X11902,ACC,1993-03-14 00:00:00,1993,3,BARROW,AK,USA,NONE,DAYL,VMC,60.0,10,0,0,0,2,71.279685,-156.779769,Pre2008.mdb,1,1,VMC,historical
20001211X11903,ACC,1993-03-20 00:00:00,1993,3,DRIFT RIVER,AK,USA,NONE,DAYL,IMC,3.0,12,0,0,0,1,61.080032,-151.160171,Pre2008.mdb,1,1,IMC,historical
20001211X11905,ACC,1993-03-25 00:00:00,1993,3,MEKORYUK,AK,USA,MINR,DAYL,IMC,1.0,12,0,0,2,2,60.370239,-166.270462,Pre2008.mdb,2,2,IMC,historical
20001211X12055,ACC,1993-04-03 00:00:00,1993,4,ANCHORAGE,AK,USA,NONE,DAYL,VMC,60.0,,0,0,0,2,61.220378,-149.850112,Pre2008.mdb,1,1,VMC,historical
20001211X12056,ACC,1993-04-12 00:00:00,1993,4,KASIGLUK,AK,USA,NONE,DAYL,VMC,40.0,15,0,0,0,4,60.81047,-161.849227,Pre2008.mdb,1,1,VMC,historical
20001211X12057,ACC,1993-04-23 00:00:00,1993,4,GOOSE BAY,AK,USA,NONE,DAYL,VMC,75.0,5,0,0,0,2,61.460151,-150.09024,Pre2008.mdb,1,1,VMC,historical
20001211X12058,ACC,1993-04-29 00:00:00,1993,4,DELTA JUNCTION,AK,USA,FATL,DAYL,VMC,50.0,4,1,1,0,0,63.699161,-144.89009,Pre2008.mdb,4,4,VMC,historical
20001211X12264,ACC,1993-05-01 00:00:00,1993,5,KASIGLUK,AK,USA,NONE,DAYL,VMC,60.0,10,0,0,0,4,60.869163,-162.540283,Pre2008.mdb,1,1,VMC,historical
20001211X12265,ACC,1993-05-11 00:00:00,1993,5,BLAIR LAKES,AK,USA,NONE,DAYL,VMC,50.0,4,0,0,0,2,64.809722,-147.720825,Pre2008.mdb,1,1,VMC,historical
20001211X12266,ACC,1993-05-17 00:00:00,1993,5,DEADHORSE,AK,USA,NONE,DAYL,IMC,5.0,30,0,0,0,1,70.429023,-149.29039,Pre2008.mdb,1,1,IMC,historical
20001211X12267,ACC,1993-05-17 00:00:00,1993,5,ROHN ROADHOUSE,AK,USA,NONE,DAYL,VMC,50.0,,0,0,0,2,63.610637,-154.780517,Pre2008.mdb,1,1,VMC,historical
20001211X12268,ACC,1993-05-19 00:00:00,1993,5,KETCHIKAN,AK,USA,NONE,DAYL,VMC,33.0,6,0,0,0,2,55.609966,-131.579498,Pre2008.mdb,1,1,VMC,historical
20001211X12269,ACC,1993-05-25 00:00:00,1993,5,KIVALINA,AK,USA,NONE,DAYL,VMC,6.0,5,0,0,0,2,67.730728,-164.549087,Pre2008.mdb,1,1,VMC,historical
20001211X12270,ACC,1993-05-27 00:00:00,1993,5,WASILLA,AK,USA,NONE,DAYL,VMC,10.0,3,0,0,0,1,,,Pre2008.mdb,1,1,VMC,historical
20001211X12271,ACC,1993-05-29 00:00:00,1993,5,BULCHITNA LAKE,AK,USA,NONE,DAYL,VMC,70.0,,0,0,0,3,61.929893,-151.729675,Pre2008.mdb,1,1,VMC,historical
20001211X12272,ACC,1993-05-29 00:00:00,1993,5,BETHEL,AK,USA,NONE,DAYL,VMC,30.0,10,0,0,0,1,60.810977,-161.849548,Pre2008.mdb,1,1,VMC,historical
20001211X12273,ACC,1993-05-30 00:00:00,1993,5,DILLINGHAM,AK,USA,NONE,DAYL,VMC,50.0,9,0,0,0,1,58.819553,-157.859542,Pre2008.mdb,1,1,VMC,historical
20001211X12274,ACC,1993-05-31 00:00:00,1993,5,SOLDOTNA,AK,USA,NONE,DAYL,VMC,30.0,5,0,0,0,1,60.319869,-150.789062,Pre2008.mdb,1,1,VMC,historical
20001211X12275,ACC,1993-05-31 00:00:00,1993,5,GUSTAVUS,AK,USA,NONE,DAYL,VMC,30.0,,0,0,0,2,58.420082,-135.780517,Pre2008.mdb,1,1,VMC,historical
20001211X12498,ACC,1993-06-02 00:00:00,1993,6,SKAGWAY,AK,USA,MINR,DAYL,VMC,15.0,6,0,0,3,2,59.570854,-135.349533,Pre2008.mdb,2,2,VMC,historical
20001211X12499,ACC,1993-06-04 00:00:00,1993,6,IGIUGIG,AK,USA,NONE,DAYL,VMC,30.0,10,0,0,0,2,58.749935,-156.540969,Pre2008.mdb,1,1,VMC,historical
20001211X12276,ACC,1993-05-31 00:00:00,1993,5,KAHILTNA GLACIE,AK,USA,NONE,DAYL,VMC,20.0,,0,0,0,4,62.44939,-149.79042,Pre2008.mdb,1,1,VMC,historical
20001211X12500,ACC,1993-06-06 00:00:00,1993,6,ANCHORAGE,AK,USA,NONE,DAYL,VMC,70.0,6,0,0,0,2,61.209171,-149.890289,Pre2008.mdb,1,1,VMC,historical
20001211X12501,ACC,1993-06-06 00:00:00,1993,6,SKWENTNA,AK,USA,NONE,DAYL,VMC,40.0,8,0,0,0,2,61.109512,-149.899032,Pre2008.mdb,1,1,VMC,historical
20001211X12502,ACC,1993-06-07 00:00:00,1993,6,CHISTOCHINA,AK,USA,NONE,DAYL,VMC,30.0,,0,0,0,2,55.919597,-159.4906,Pre2008.mdb,1,1,VMC,historical
20001211X12277,ACC,1993-05-23 00:00:00,1993,5,BARROW,AK,USA,NONE,DAYL,IMC,10.0,22,0,0,0,2,71.279655,-156.779678,Pre2008.mdb,1,1,IMC,historical
20001211X12503,ACC,1993-06-12 00:00:00,1993,6,ARCTIC VILLAGE,AK,USA,NONE,DAYL,VMC,50.0,5,0,0,0,3,68.090858,-145.600036,Pre2008.mdb,1,1,VMC,historical
20001211X12504,ACC,1993-06-12 00:00:00,1993,6,KNIK,AK,USA,MINR,DAYL,VMC,50.0,,0,0,1,1,,,Pre2008.mdb,2,2,VMC,historical
20001211X12505,ACC,1993-06-12 00:00:00,1993,6,KIVALINA,AK,USA,NONE,DAYL,VMC,10.0,15,0,0,0,1,67.729385,-164.549682,Pre2008.mdb,1,1,VMC,historical
20001211X12506,ACC,1993-06-16 00:00:00,1993,6,ANCHORAGE,AK,USA,NONE,DAYL,VMC,50.0,10,0,0,0,2,61.210334,-149.889389,Pre2008.mdb,1,1,VMC,historical
20001211X12507,ACC,1993-06-15 00:00:00,1993,6,SKWENTNA,AK,USA,NONE,DAYL,VMC,50.0,5,0,0,0,1,61.930343,-151.729736,Pre2008.mdb,1,1,VMC,historical
20001211X12508,ACC,1993-06-18 00:00:00,1993,6,DRY CREEK,AK,USA,NONE,DAYL,VMC,40.0,3,0,0,0,2,63.699844,-144.889755,Pre2008.mdb,1,1,VMC,historical
20001211X12509,ACC,1993-06-18 00:00:00,1993,6,ANNETTE BAY,AK,USA,NONE,DAYL,VMC,15.0,,0,0,0,4,55.610736,-131.580444,Pre2008.mdb,1,1,VMC,historical
20001211X12510,ACC,1993-06-18 00:00:00,1993,6,JUNEAU,AK,USA,MINR,DAYL,IMC,,,0,0,1,5,58.580017,-134.770874,Pre2008.mdb,2,2,IMC,historical
20001211X12511,ACC,1993-06-20 00:00:00,1993,6,ANCHORAGE,AK,USA,NONE,DAYL,VMC,90.0,3,0,0,0,1,61.160072,-149.989364,Pre2008.mdb,1,1,VMC,historical
20001211X12512,ACC,1993-06-19 00:00:00,1993,6,GRAYLING,AK,USA,NONE,DAYL,VMC,90.0,,0,0,0,1,62.889888,-160.10083,Pre2008.mdb,1,1,VMC,historical
20001214X36423,ACC,1985-05-08 00:00:00,1985,5,GUADALUPE,,DO,NONE,,,,,0,0,0,8,,,Pre2008.mdb,1,1,UNKNOWN,historical
20001211X12513,ACC,1993-06-18 00:00:00,1993,6,KATMAI,AK,USA,NONE,DAWN,VMC,30.0,,0,0,0,3,59.84991,-154.559188,Pre2008.mdb,1,1,VMC,historical
20001211X12514,ACC,1993-06-19 00:00:00,1993,6,MERRILL PASS,AK,USA,NONE,DAYL,VMC,50.0,,0,0,0,2,61.159584,-149.990585,Pre2008.mdb,1,1,VMC,historical
20001211X12515,ACC,1993-06-24 00:00:00,1993,6,COMET MINE,AK,USA,NONE,DAYL,VMC,50.0,8,0,0,0,3,58.579921,-134.769104,Pre2008.mdb,1,1,VMC,historical
20001211X12516,ACC,1993-06-24 00:00:00,1993,6,NONDALTON,AK,USA,NONE,DAYL,VMC,40.0,15,0,0,0,1,59.960369,-154.869461,Pre2008.mdb,1,1,VMC,historical
20001211X12517,ACC,1993-06-28 00:00:00,1993,6,UGANIK RIVER,AK,USA,NONE,DAYL,VMC,10.0,10,0,0,0,1,57.789852,-152.399124,Pre2008.mdb,1,1,VMC,historical
20001211X12518,ACC,1993-06-29 00:00:00,1993,6,JUNEAU,AK,USA,NONE,DAYL,VMC,25.0,5,0,0,0,1,58.579792,-134.77098,Pre2008.mdb,1,1,VMC,historical
20001211X12519,ACC,1993-06-29 00:00:00,1993,6,GAMBELL,AK,USA,SERS,DAYL,VMC,15.0,7,0,0,0,7,63.750537,-171.690933,Pre2008.mdb,3,3,VMC,historical
20001211X12520,ACC,1993-06-20 00:00:00,1993,6,VICTORY,AK,USA,NONE,DAYL,VMC,90.0,,0,0,0,3,61.620414,-148.980087,Pre2008.mdb,1,1,VMC,historical
20001211X12740,ACC,1993-07-02 00:00:00,1993,7,SKWENTNA,AK,USA,NONE,DAYL,VMC,20.0,5,0,0,0,1,61.92921,-151.730026,Pre2008.mdb,1,1,VMC,historical
20001211X12741,ACC,1993-07-02 00:00:00,1993,7,ILIAMNA,AK,USA,NONE,DAYL,VMC,,10,0,0,0,2,59.84959,-154.55957,Pre2008.mdb,1,1,VMC,historical
20001211X12742,ACC,1993-07-03 00:00:00,1993,7,DELTA JUNCTION,AK,USA,NONE,DAYL,VMC,,,0,0,0,3,63.699405,-144.889328,Pre2008.mdb,1,1,VMC,historical
20001211X12743,ACC,1993-07-03 00:00:00,1993,7,DILLINGHAM,AK,USA,NONE,DAYL,VMC,,10,0,0,0,1,58.820186,-157.859436,Pre2008.mdb,1,1,VMC,historical
20001211X12744,ACC,1993-07-09 00:00:00,1993,7,ANCHORAGE,AK,USA,NONE,DAYL,VMC,90.0,,0,0,0,1,61.160301,-149.989303,Pre2008.mdb,1,1,VMC,historical
20001211X12745,ACC,1993-07-14 00:00:00,1993,7,CIRCLE HOT SPRI,AK,USA,NONE,DAYL,VMC,40.0,,0,0,0,2,65.790008,-144.200729,Pre2008.mdb,1,1,VMC,historical
20001211X12746,ACC,1993-07-15 00:00:00,1993,7,TURNER LAKE,AK,USA,NONE,DAYL,VMC,30.0,,0,0,0,3,58.579437,-134.770782,Pre2008.mdb,1,1,VMC,historical
20001211X12747,ACC,1993-07-14 00:00:00,1993,7,RESURRECT'N BAY,AK,USA,NONE,DAYL,VMC,20.0,,0,0,0,2,60.049133,-149.32965,Pre2008.mdb,1,1,VMC,historical
20001211X12748,ACC,1993-07-19 00:00:00,1993,7,CHICKALOON FLAT,AK,USA,SERS,DAYL,VMC,40.0,,0,2,0,0,61.220722,-149.849273,Pre2008.mdb,3,3,VMC,historical
20001211X12749,ACC,1993-07-19 00:00:00,1993,7,KELLY RIVER BAR,AK,USA,NONE,DAYL,VMC,25.0,,0,0,0,5,67.240341,-161.190277,Pre2008.mdb,1,1,VMC,historical
20001211X12750,ACC,1993-07-11 00:00:00,1993,7,TALKEETNA,AK,USA,NONE,DAYL,VMC,80.0,,0,0,0,2,62.450767,-149.790847,Pre2008.mdb,1,1,VMC,historical
20001211X12751,ACC,1993-07-21 00:00:00,1993,7,PORT ALSWORTH,AK,USA,SERS,DAYL,VMC,25.0,8,0,1,0,0,60.200004,-154.280929,Pre2008.mdb,3,3,VMC,historical
20001211X12752,ACC,1993-07-24 00:00:00,1993,7,CORDOVA,AK,USA,NONE,DAYL,VMC,30.0,,0,0,0,2,60.789176,-145.609252,Pre2008.mdb,1,1,VMC,historical
20001211X12753,ACC,1993-07-25 00:00:00,1993,7,EGEGIK,AK,USA,NONE,DAYL,VMC,30.0,15,0,0,0,4,58.200466,-157.41014,Pre2008.mdb,1,1,VMC,historical
20001211X12754,ACC,1993-07-25 00:00:00,1993,7,KODIAK,AK,USA,MINR,DAYL,VMC,15.0,8,0,0,1,0,57.789527,-152.400238,Pre2008.mdb,2,2,VMC,historical
20001211X12755,ACC,1993-08-01 00:00:00,1993,8,ANCHORAGE,AK,USA,MINR,DAYL,VMC,10.0,9,0,0,1,0,61.159652,-149.989578,Pre2008.mdb,2,2,VMC,historical
20001211X13068,ACC,1993-08-08 00:00:00,1993,8,CELLE-ARLOH,,GE,FATL,NR,Unk,,,3,0,0,0,,,Pre2008.mdb,4,4,UNKNOWN,historical
20001211X12756,ACC,1993-07-30 00:00:00,1993,7,DRY BAY,AK,USA,FATL,DAYL,Unk,2.5,3,2,0,0,0,59.510272,-139.710006,Pre2008.mdb,4,4,UNKNOWN,historical
20001211X13023,ACC,1993-08-02 00:00:00,1993,8,KODIAK,AK,USA,MINR,DAYL,VMC,25.0,5,0,0,1,0,57.789749,-152.399078,Pre2008.mdb,2,2,VMC,historical
20001211X12757,ACC,1993-08-01 00:00:00,1993,8,SPARREVOHN,AK,USA,NONE,DAYL,VMC,10.0,12,0,0,0,2,55.920066,-159.490798,Pre2008.mdb,1,1,VMC,historical
20001211X13024,ACC,1993-08-01 00:00:00,1993,8,SOLDOTNA,AK,USA,NONE,DAYL,VMC,10.0,5,0,0,0,1,60.319831,-150.789093,Pre2008.mdb,1,1,VMC,historical
20001211X13025,ACC,1993-08-06 00:00:00,1993,8,DILLINGHAM,AK,USA,NONE,DAYL,VMC,5.0,,0,0,0,2,58.820667,-157.860336,Pre2008.mdb,1,1,VMC,historical
20001211X13026,ACC,1993-08-07 00:00:00,1993,8,BLAIR LAKE,AK,USA,NONE,DUSK,VMC,15.0,20,0,0,0,3,64.769905,-147.32991,Pre2008.mdb,1,1,VMC,historical
20001211X13027,ACC,1993-08-07 00:00:00,1993,8,NORTHWAY,AK,USA,NONE,DAYL,VMC,30.0,8,0,0,0,1,62.99974,-141.690994,Pre2008.mdb,1,1,VMC,historical
20001211X13028,ACC,1993-08-08 00:00:00,1993,8,ANCHORAGE,AK,USA,NONE,DAYL,VMC,90.0,6,0,0,0,3,61.160877,-149.98999,Pre2008.mdb,1,1,VMC,historical
20001211X13029,ACC,1993-08-08 00:00:00,1993,8,NORTHWAY,AK,USA,NONE,DAYL,VMC,40.0,11,0,0,0,2,62.999534,-141.690872,Pre2008.mdb,1,1,VMC,historical
20001211X13030,ACC,1993-08-08 00:00:00,1993,8,NEAR SKWENTNA,AK,USA,NONE,DAYL,VMC,40.0,6,0,0,0,2,61.92987,-151.729965,Pre2008.mdb,1,1,VMC,historical
20001211X13031,ACC,1993-08-09 00:00:00,1993,8,BERNARD GLACIER,AK,USA,NONE,DAYL,VMC,30.0,,0,0,0,2,61.449947,-143.149368,Pre2008.mdb,1,1,VMC,historical
20001211X13032,ACC,1993-08-13 00:00:00,1993,8,BLACK RAPIDS,AK,USA,NONE,DUSK,VMC,40.0,25,0,0,0,2,63.700778,-144.889251,Pre2008.mdb,1,1,VMC,historical
20001211X12758,ACC,1993-07-31 00:00:00,1993,7,JOHNSON GLACIER,AK,USA,FATL,DAYL,VMC,25.0,,2,0,0,0,63.700736,-144.890319,Pre2008.mdb,4,4,VMC,historical
20001211X13033,ACC,1993-08-14 00:00:00,1993,8,TOGIAK RIVER,AK,USA,MINR,DAYL,VMC,10.0,7,0,0,1,5,59.209831,-160.540649,Pre2008.mdb,2,2,VMC,historical
20001211X13034,ACC,1993-08-28 00:00:00,1993,8,ATIGAN PASS,AK,USA,MINR,DAYL,VMC,20.0,,0,0,1,0,70.430892,-149.29074,Pre2008.mdb,2,2,VMC,historical
20001211X13035,ACC,1993-08-14 00:00:00,1993,8,NOME,AK,USA,NONE,DAYL,VMC,50.0,,0,0,0,7,64.709976,-164.620285,Pre2008.mdb,1,1,VMC,historical
20001211X13036,ACC,1993-08-14 00:00:00,1993,8,POINT BARROW,AK,USA,NONE,DAYL,VMC,20.0,6,0,0,0,1,71.279762,-156.780761,Pre2008.mdb,1,1,VMC,historical
20001211X13037,ACC,1993-08-16 00:00:00,1993,8,GALENA,AK,USA,NONE,DAYL,VMC,30.0,14,0,0,0,2,64.740356,-156.849975,Pre2008.mdb,1,1,VMC,historical
20001211X13038,ACC,1993-08-18 00:00:00,1993,8,GOOSE BAY,AK,USA,SERS,DAYL,VMC,20.0,3,0,1,0,0,61.200702,-149.749435,Pre2008.mdb,3,3,VMC,historical
20001211X13039,ACC,1993-08-18 00:00:00,1993,8,LITTLE DELTA RV,AK,USA,MINR,DAYL,VMC,40.0,7,0,0,1,1,63.700023,-144.890213,Pre2008.mdb,2,2,VMC,historical
20001211X13040,ACC,1993-08-15 00:00:00,1993,8,MT. DEBORAH,AK,USA,NONE,DAYL,VMC,20.0,13,0,0,0,1,63.700325,-144.890045,Pre2008.mdb,1,1,VMC,historical
20001211X13041,ACC,1993-08-21 00:00:00,1993,8,JAY CREEK,AK,USA,NONE,DAYL,VMC,30.0,,0,0,0,1,62.450416,-149.78926,Pre2008.mdb,1,1,VMC,historical
20001211X13042,ACC,1993-08-21 00:00:00,1993,8,GALBRAITH LAKE,AK,USA,NONE,DAYL,VMC,50.0,10,0,0,0,2,70.430389,-149.289947,Pre2008.mdb,1,1,VMC,historical
20001211X13043,ACC,1993-08-26 00:00:00,1993,8,BEAVER CREEK,AK,USA,MINR,DAYL,VMC,80.0,,0,0,1,0,64.810752,-147.719223,Pre2008.mdb,2,2,VMC,historical
20001211X13044,ACC,1993-08-28 00:00:00,1993,8,MOUNT ILIAMNA,AK,USA,NONE,DAYL,VMC,20.0,10,0,0,0,5,59.850627,-154.560974,Pre2008.mdb,1,1,VMC,historical
20001211X13045,ACC,1993-08-29 00:00:00,1993,8,NOME,AK,USA,FATL,DAYL,VMC,20.0,6,1,0,0,0,64.709274,-164.620422,Pre2008.mdb,4,4,VMC,historical
20001211X13046,ACC,1993-08-29 00:00:00,1993,8,HAPPY VALLEY,AK,USA,NONE,DAYL,VMC,20.0,,0,0,0,2,70.429328,-149.290802,Pre2008.mdb,1,1,VMC,historical
20001211X13047,ACC,1993-08-22 00:00:00,1993,8,KNIK GLACIER,AK,USA,NONE,DAYL,VMC,10.0,5,0,0,0,1,61.619693,-148.980941,Pre2008.mdb,1,1,VMC,historical
20001211X13048,ACC,1993-08-31 00:00:00,1993,8,VICTORY,AK,USA,NONE,DAYL,VMC,50.0,,0,0,0,1,61.619258,-148.979232,Pre2008.mdb,1,1,VMC,historical
20001211X13049,ACC,1993-09-01 00:00:00,1993,9,DELTA RIVER,AK,USA,NONE,DAYL,VMC,20.0,5,0,0,0,1,63.699069,-144.889724,Pre2008.mdb,1,1,VMC,historical
20001211X13285,ACC,1993-09-01 00:00:00,1993,9,KIJIK RIVER,AK,USA,SERS,DAYL,VMC,30.0,10,0,1,0,0,60.199241,-154.280532,Pre2008.mdb,3,3,VMC,historical
20001211X13050,ACC,1993-09-01 00:00:00,1993,9,SQUIRREL RIVER,AK,USA,MINR,DAYL,VMC,20.0,10,0,0,1,0,66.979888,-160.429885,Pre2008.mdb,2,2,VMC,historical
20001211X13286,ACC,1993-09-03 00:00:00,1993,9,WULIK RIVER,AK,USA,NONE,DAYL,VMC,50.0,20,0,0,0,1,67.239112,-161.190261,Pre2008.mdb,1,1,VMC,historical
20001211X13287,ACC,1993-09-06 00:00:00,1993,9,SWEET LUCY LAKE,AK,USA,NONE,DAYL,VMC,7.0,30,0,0,0,4,,,Pre2008.mdb,1,1,VMC,historical
20001211X13051,ACC,1993-08-30 00:00:00,1993,8,HULAHULA RIVER,AK,USA,FATL,DAYL,Unk,50.0,,1,0,0,0,66.559143,-145.250976,Pre2008.mdb,4,4,UNKNOWN,historical
20001211X13288,ACC,1993-09-06 00:00:00,1993,9,PTARMIGAN PASS,AK,USA,,DUSK,VMC,,,0,0,0,0,62.869949,-153.870315,Pre2008.mdb,0,0,VMC,historical
20001211X13289,ACC,1993-09-12 00:00:00,1993,9,SWIKSHAK BAY,AK,USA,FATL,DAYL,VMC,10.0,,1,0,4,0,57.790214,-152.400009,Pre2008.mdb,4,4,VMC,historical
20001211X13290,ACC,1993-09-12 00:00:00,1993,9,MOSQUITO RIVER,AK,USA,NONE,DAYL,VMC,50.0,,0,0,0,1,63.180213,-143.100387,Pre2008.mdb,1,1,VMC,historical
20001211X13291,ACC,1993-09-13 00:00:00,1993,9,PRUDHOE BAY,AK,USA,NONE,DAYL,VMC,99.0,,0,0,0,1,70.429885,-149.290527,Pre2008.mdb,1,1,VMC,historical
20001211X13292,ACC,1993-09-18 00:00:00,1993,9,LAKE GEORGE,AK,USA,NONE,DAYL,VMC,50.0,3,0,0,0,1,61.620296,-148.979965,Pre2008.mdb,1,1,VMC,historical
20001211X13293,ACC,1993-09-19 00:00:00,1993,9,YANTARNI BAY,AK,USA,NONE,DAYL,VMC,20.0,20,0,0,0,4,56.959552,-158.580505,Pre2008.mdb,1,1,VMC,historical
20001211X13294,ACC,1993-09-19 00:00:00,1993,9,ILIAMNA,AK,USA,NONE,DAYL,VMC,70.0,12,0,0,0,1,59.849685,-154.560592,Pre2008.mdb,1,1,VMC,historical
20001211X13295,ACC,1993-09-21 00:00:00,1993,9,PUMICE CREEK,AK,USA,NONE,DAYL,VMC,10.0,10,0,0,0,1,56.960914,-158.579803,Pre2008.mdb,1,1,VMC,historical
20001211X13296,ACC,1993-09-18 00:00:00,1993,9,KETCHIKAN,AK,USA,NONE,DAYL,VMC,65.0,3,0,0,0,3,55.609077,-131.579391,Pre2008.mdb,1,1,VMC,historical
20001211X13297,ACC,1993-09-13 00:00:00,1993,9,PUGET BAY,AK,USA,MINR,DAYL,VMC,50.0,3,0,0,1,0,60.049556,-149.330673,Pre2008.mdb,2,2,VMC,historical
20001211X13298,ACC,1993-09-20 00:00:00,1993,9,PILOT POINT,AK,USA,NONE,DAYL,VMC,10.0,15,0,0,0,2,57.500904,-157.280441,Pre2008.mdb,1,1,VMC,historical
20001211X13299,ACC,1993-09-20 00:00:00,1993,9,CHARLIE LAKE,AK,USA,NONE,DAYL,VMC,50.0,10,0,0,0,2,55.920886,-159.489227,Pre2008.mdb,1,1,VMC,historical
20001211X13300,ACC,1993-09-26 00:00:00,1993,9,ROCKY RIVER,AK,USA,MINR,DAYL,VMC,50.0,3,0,0,2,0,59.389034,-151.6595,Pre2008.mdb,2,2,VMC,historical
20001211X13498,ACC,1993-10-02 00:00:00,1993,10,MERRILL PASS,AK,USA,FATL,DAYL,IMC,3.0,20,1,0,0,0,61.219829,-149.850967,Pre2008.mdb,4,4,IMC,historical
20001211X13499,ACC,1993-10-16 00:00:00,1993,10,KENAI,AK,USA,FATL,NDRK,Unk,12.0,,1,0,0,0,60.660266,-150.899475,Pre2008.mdb,4,4,UNKNOWN,historical
20001206X00574,ACC,1994-01-17 00:00:00,1994,1,PALMER,AK,USA,FATL,DAYL,VMC,15.0,10,1,1,0,0,61.619495,-148.979248,Pre2008.mdb,4,4,VMC,historical
20001206X00688,ACC,1994-02-10 00:00:00,1994,2,KENAI,AK,USA,FATL,DAYL,VMC,50.0,,1,0,0,0,60.659564,-150.899719,Pre2008.mdb,4,4,VMC,historical
20001206X00689,ACC,1994-03-01 00:00:00,1994,3,FAIRBANKS,AK,USA,NONE,NDRK,VMC,15.0,10,0,0,0,14,64.810455,-147.719589,Pre2008.mdb,1,1,VMC,historical
20001206X01412,ACC,1994-06-23 00:00:00,1994,6,JUNEAU,AK,USA,FATL,DAYL,IMC,,,7,4,0,0,58.58012,-134.769973,Pre2008.mdb,4,4,IMC,historical
20001206X01413,ACC,1994-07-01 00:00:00,1994,7,DELTA JUNCTION,AK,USA,FATL,DAYL,VMC,50.0,,3,0,0,0,63.699615,-144.88945,Pre2008.mdb,4,4,VMC,historical
20001206X01633,ACC,1994-07-11 00:00:00,1994,7,PORTAGE CREEK,AK,USA,FATL,DAYL,VMC,2.0,5,3,2,0,0,58.820915,-157.860153,Pre2008.mdb,4,4,VMC,historical
20001206X01634,ACC,1994-07-18 00:00:00,1994,7,MCCARTHY,AK,USA,SERS,DAYL,VMC,25.0,,0,5,3,0,55.920467,-159.490509,Pre2008.mdb,3,3,VMC,historical
20001206X01635,ACC,1994-07-20 00:00:00,1994,7,JUNEAU,AK,USA,NONE,DAYL,VMC,4.0,5,0,0,0,7,58.580608,-134.769943,Pre2008.mdb,1,1,VMC,historical
20001206X01897,ACC,1994-08-07 00:00:00,1994,8,KODIAK,AK,USA,FATL,DAYL,IMC,0.25,,6,1,0,0,57.789516,-152.400955,Pre2008.mdb,4,4,IMC,historical
20001206X01898,ACC,1994-08-10 00:00:00,1994,8,EAGLE RIVER,AK,USA,FATL,DAYL,VMC,50.0,,2,0,0,0,61.210716,-149.24971,Pre2008.mdb,4,4,VMC,historical
20001206X01899,ACC,1994-08-12 00:00:00,1994,8,PORT ALSWORTH,AK,USA,FATL,DAYL,VMC,50.0,,3,0,0,0,60.200542,-154.280578,Pre2008.mdb,4,4,VMC,historical
20001206X01900,ACC,1994-08-14 00:00:00,1994,8,KENAI,AK,USA,FATL,DAYL,VMC,70.0,4,3,1,0,0,60.659759,-150.899047,Pre2008.mdb,4,4,VMC,historical
20001206X01901,ACC,1994-08-16 00:00:00,1994,8,BIG LAKE,AK,USA,FATL,DAYL,VMC,70.0,9,2,1,0,0,61.460849,-150.090011,Pre2008.mdb,4,4,VMC,historical
20001206X02158,ACC,1994-09-05 00:00:00,1994,9,GULKANA,AK,USA,FATL,DAYL,VMC,30.0,,1,1,0,0,62.100227,-145.529159,Pre2008.mdb,4,4,VMC,historical
20001206X00826,ACC,1994-03-21 00:00:00,1994,3,MT. FAIRWEATHER,,CA,MINR,DAYL,VMC,50.0,6,0,0,1,2,,,Pre2008.mdb,2,2,VMC,historical
20001211X13673,INC,1993-11-30 00:00:00,1993,11,KING SALMON,AK,USA,NONE,NDRK,VMC,20.0,7,0,0,0,11,58.750202,-156.540237,Pre2008.mdb,1,1,VMC,historical
20001206X00827,INC,1994-03-04 00:00:00,1994,3,ANCHORAGE,AK,USA,,DAYL,VMC,15.0,7,0,0,0,0,70.100593,-149.870086,Pre2008.mdb,0,0,VMC,historical
20001206X00828,INC,1994-03-28 00:00:00,1994,3,ANCHORAGE,AK,USA,MINR,DAYL,VMC,50.0,5,0,0,1,3,61.180038,-149.879974,Pre2008.mdb,2,2,VMC,historical
20001206X01636,INC,1994-07-02 00:00:00,1994,7,JUNEAU,AK,USA,NONE,DAYL,VMC,30.0,8,0,0,0,63,58.58052,-134.770339,Pre2008.mdb,1,1,VMC,historical
20001211X13500,ACC,1993-10-04 00:00:00,1993,10,PILOT POINT,AK,USA,NONE,DAYL,VMC,100.0,5,0,0,0,2,57.500289,-157.279449,Pre2008.mdb,1,1,VMC,historical
20001211X13501,ACC,1993-10-05 00:00:00,1993,10,KENNEY LAKE,AK,USA,FATL,DAWN,IMC,0.25,,1,0,0,0,63.180912,-143.10086,Pre2008.mdb,4,4,IMC,historical
20001211X13502,ACC,1993-10-04 00:00:00,1993,10,BEAR CREEK,AK,USA,MINR,DAYL,VMC,50.0,8,0,0,2,0,64.899322,-148.160263,Pre2008.mdb,2,2,VMC,historical
20001211X13503,ACC,1993-10-03 00:00:00,1993,10,PILOT POINT,AK,USA,NONE,DAYL,VMC,99.0,30,0,0,0,2,57.499389,-157.28038,Pre2008.mdb,1,1,VMC,historical
20001211X13504,ACC,1993-10-06 00:00:00,1993,10,ANIAK,AK,USA,NONE,DAYL,VMC,50.0,10,0,0,0,2,61.200088,-158.599288,Pre2008.mdb,1,1,VMC,historical
20001211X13505,ACC,1993-10-08 00:00:00,1993,10,BEAVER CREEK,AK,USA,NONE,NR,VMC,40.0,,0,0,0,1,,,Pre2008.mdb,1,1,VMC,historical
20001211X13506,ACC,1993-10-04 00:00:00,1993,10,PORT HEIDEN,AK,USA,NONE,DAYL,VMC,90.0,20,0,0,0,2,56.960968,-158.579238,Pre2008.mdb,1,1,VMC,historical
20001211X13507,ACC,1993-10-09 00:00:00,1993,10,POINT LAY,AK,USA,NONE,DAYL,VMC,10.0,10,0,0,0,3,64.90055,-148.160903,Pre2008.mdb,1,1,VMC,historical
20001211X13508,ACC,1993-10-08 00:00:00,1993,10,KING SALMON,AK,USA,NONE,DAYL,VMC,10.0,,0,0,0,2,58.750564,-156.539321,Pre2008.mdb,1,1,VMC,historical
20001211X13509,ACC,1993-10-05 00:00:00,1993,10,HAINES,AK,USA,NONE,NDRK,VMC,75.0,3,0,0,0,1,59.15974,-135.860778,Pre2008.mdb,1,1,VMC,historical
20001211X13510,ACC,1993-10-20 00:00:00,1993,10,KARLUK,AK,USA,NONE,DAYL,VMC,30.0,15,0,0,0,1,,,Pre2008.mdb,1,1,VMC,historical
20001211X13511,ACC,1993-10-30 00:00:00,1993,10,CHIGNIK,AK,USA,NONE,DAYL,VMC,,,0,0,0,2,56.229469,-158.740097,Pre2008.mdb,1,1,VMC,historical
20001211X13674,ACC,1993-11-02 00:00:00,1993,11,GOOSE BAY,AK,USA,NONE,DAYL,VMC,60.0,5,0,0,0,2,,,Pre2008.mdb,1,1,VMC,historical
20001211X13675,ACC,1993-11-08 00:00:00,1993,11,CHEFORNAK,AK,USA,NONE,DAYL,VMC,15.0,25,0,0,0,1,60.149753,-164.25032,Pre2008.mdb,1,1,VMC,historical
20001211X13676,ACC,1993-11-20 00:00:00,1993,11,ANCHORAGE,AK,USA,NONE,DAYL,VMC,90.0,,0,0,0,4,61.220199,-149.849884,Pre2008.mdb,1,1,VMC,historical
20001211X13809,ACC,1993-12-03 00:00:00,1993,12,NAPAKIAK,AK,USA,NONE,DAYL,VMC,3.0,8,0,0,0,1,60.680107,-162.000381,Pre2008.mdb,1,1,VMC,historical
20001211X13810,ACC,1993-12-03 00:00:00,1993,12,TUNTUTULIAK,AK,USA,NONE,NDRK,VMC,5.0,,0,0,0,1,60.410621,-162.649948,Pre2008.mdb,1,1,VMC,historical
20001211X13811,ACC,1993-12-07 00:00:00,1993,12,NORTHWAY,AK,USA,MINR,DAYL,VMC,25.0,,0,0,1,1,63.179573,-143.099349,Pre2008.mdb,2,2,VMC,historical
20001211X13812,ACC,1993-12-08 00:00:00,1993,12,JUNEAU,AK,USA,NONE,DAYL,VMC,30.0,5,0,0,0,2,58.580318,-134.769683,Pre2008.mdb,1,1,VMC,historical
20001211X13813,ACC,1993-12-09 00:00:00,1993,12,CIRCLE CITY,AK,USA,SERS,DAYL,VMC,3.0,,0,1,0,0,65.790061,-144.20018,Pre2008.mdb,3,3,VMC,historical
20001211X13814,ACC,1993-12-12 00:00:00,1993,12,PORT LIONS,AK,USA,NONE,DAYL,VMC,10.0,10,0,0,0,5,57.899044,-153.040023,Pre2008.mdb,1,1,VMC,historical
20001211X13815,ACC,1993-12-23 00:00:00,1993,12,PORT ALSWORTH,AK,USA,MINR,DAYL,VMC,40.0,,0,0,1,0,60.200111,-154.279556,Pre2008.mdb,2,2,VMC,historical
20001206X00575,ACC,1994-01-08 00:00:00,1994,1,BIG LAKE,AK,USA,NONE,DAYL,VMC,99.0,,0,0,0,2,61.459484,-150.090881,Pre2008.mdb,1,1,VMC,historical
20001206X00576,ACC,1994-01-22 00:00:00,1994,1,ANCHORAGE,AK,USA,MINR,DAYL,VMC,50.0,3,0,0,2,2,61.219787,-149.849227,Pre2008.mdb,2,2,VMC,historical
20001206X00690,ACC,1994-02-08 00:00:00,1994,2,KWIGILLINGOK,AK,USA,NONE,DAYL,VMC,1.0,,0,0,0,6,59.870769,-163.179077,Pre2008.mdb,1,1,VMC,historical
20001206X00691,ACC,1994-02-10 00:00:00,1994,2,ANCHORAGE,AK,USA,NONE,DAYL,VMC,80.0,4,0,0,0,1,61.220317,-149.84909,Pre2008.mdb,1,1,VMC,historical
20001206X00692,ACC,1994-02-11 00:00:00,1994,2,NEW KOLIGANEK,AK,USA,NONE,DAYL,VMC,20.0,25,0,0,0,1,58.820804,-157.860534,Pre2008.mdb,1,1,VMC,historical
20001206X00693,ACC,1994-02-27 00:00:00,1994,2,KIVALINA,AK,USA,NONE,NDRK,VMC,7.0,20,0,0,0,6,67.240875,-161.18991,Pre2008.mdb,1,1,VMC,historical
20001206X00829,ACC,1994-03-05 00:00:00,1994,3,CHUGIAK,AK,USA,NONE,DAYL,VMC,50.0,,0,0,0,1,61.410049,-149.170181,Pre2008.mdb,1,1,VMC,historical
20001206X00830,ACC,1994-03-07 00:00:00,1994,3,CHUGIAK,AK,USA,NONE,DAYL,VMC,25.0,25,0,0,0,4,61.410858,-149.170837,Pre2008.mdb,1,1,VMC,historical
20001206X00831,ACC,1994-03-18 00:00:00,1994,3,EUREKA LODGE,AK,USA,NONE,DAYL,VMC,30.0,9,0,0,0,4,62.099781,-145.530914,Pre2008.mdb,1,1,VMC,historical
20001206X00832,ACC,1994-03-26 00:00:00,1994,3,WRANGELL,AK,USA,MINR,DAYL,VMC,5.0,,0,0,1,0,56.409652,-131.609649,Pre2008.mdb,2,2,VMC,historical
20001206X00833,ACC,1994-03-12 00:00:00,1994,3,SOLDOTNA,AK,USA,NONE,DAYL,VMC,30.0,,0,0,0,2,60.319835,-150.79013,Pre2008.mdb,1,1,VMC,historical
20001206X01016,ACC,1994-04-10 00:00:00,1994,4,DENALI NAT'L PK,AK,USA,NONE,DAYL,VMC,10.0,6,0,0,0,1,63.780075,-148.51918,Pre2008.mdb,1,1,VMC,historical
20001206X01017,ACC,1994-04-09 00:00:00,1994,4,VALDEZ,AK,USA,NONE,DAYL,VMC,10.0,10,0,0,0,2,61.14925,-146.80986,Pre2008.mdb,1,1,VMC,historical
20001206X01018,ACC,1994-04-08 00:00:00,1994,4,MANLEY HOT SPRG,AK,USA,NONE,DAYL,VMC,3.0,8,0,0,0,2,64.650749,-150.900115,Pre2008.mdb,1,1,VMC,historical
20001206X01019,ACC,1994-04-08 00:00:00,1994,4,PAXSON,AK,USA,NONE,DAYL,VMC,5.0,,0,0,0,1,63.700355,-144.889694,Pre2008.mdb,1,1,VMC,historical
20001206X01020,ACC,1994-04-17 00:00:00,1994,4,FAIRBANKS,AK,USA,NONE,DAYL,VMC,50.0,,0,0,0,1,64.899925,-148.160446,Pre2008.mdb,1,1,VMC,historical
20001206X01191,ACC,1994-05-02 00:00:00,1994,5,GUSTAVUS,AK,USA,NONE,DAYL,VMC,10.0,,0,0,0,2,58.420314,-135.78041,Pre2008.mdb,1,1,VMC,historical
20001206X01192,ACC,1994-05-07 00:00:00,1994,5,ALLAKAKET,AK,USA,NONE,NDRK,VMC,50.0,,0,0,0,6,66.569442,-152.950149,Pre2008.mdb,1,1,VMC,historical
20001206X01193,ACC,1994-05-09 00:00:00,1994,5,CIRCLE HOT SPRI,AK,USA,NONE,DAYL,VMC,30.0,15,0,0,0,1,64.809295,-147.719726,Pre2008.mdb,1,1,VMC,historical
20001206X01194,ACC,1994-05-24 00:00:00,1994,5,KENAI,AK,USA,MINR,DAYL,VMC,50.0,,0,0,1,0,60.659236,-150.899078,Pre2008.mdb,2,2,VMC,historical
20001206X01195,ACC,1994-05-24 00:00:00,1994,5,LAKE GEORGE,AK,USA,NONE,DAYL,VMC,50.0,,0,0,0,1,61.619323,-148.980667,Pre2008.mdb,1,1,VMC,historical
20001206X01196,ACC,1994-05-29 00:00:00,1994,5,FAIRBANKS,AK,USA,NONE,DAYL,VMC,100.0,5,0,0,0,2,64.900123,-148.160964,Pre2008.mdb,1,1,VMC,historical
20001206X01197,ACC,1994-05-23 00:00:00,1994,5,PILOT POINT,AK,USA,NONE,DAYL,VMC,10.0,8,0,0,0,1,57.49998,-157.279388,Pre2008.mdb,1,1,VMC,historical
20001206X01198,ACC,1994-05-28 00:00:00,1994,5,ANCHORAGE,AK,USA,NONE,DAYL,VMC,30.0,5,0,0,0,2,70.099899,-149.870056,Pre2008.mdb,1,1,VMC,historical
20001206X01199,ACC,1994-06-01 00:00:00,1994,6,KOTZEBUE,AK,USA,NONE,DAYL,VMC,60.0,10,0,0,0,2,67.240486,-161.190902,Pre2008.mdb,1,1,VMC,historical
20001206X01414,ACC,1994-06-01 00:00:00,1994,6,FAIRBANKS,AK,USA,NONE,DAYL,VMC,90.0,8,0,0,0,1,,,Pre2008.mdb,1,1,VMC,historical
20001206X01415,ACC,1994-06-04 00:00:00,1994,6,TYONEK,AK,USA,NONE,DAYL,VMC,90.0,,0,0,0,4,61.080879,-151.160934,Pre2008.mdb,1,1,VMC,historical
20001206X01416,ACC,1994-06-06 00:00:00,1994,6,WASSILA-CHERI,AK,USA,NONE,DAYL,VMC,90.0,4,0,0,0,1,,,Pre2008.mdb,1,1,VMC,historical
20001206X01417,ACC,1994-06-04 00:00:00,1994,6,NAKNEK,AK,USA,MINR,DAYL,VMC,80.0,,0,0,1,0,58.80001,-156.899826,Pre2008.mdb,2,2,VMC,historical
20001206X01418,ACC,1994-06-08 00:00:00,1994,6,KASSAN BAY,AK,USA,NONE,DAYL,VMC,20.0,10,0,0,0,2,55.609283,-131.580657,Pre2008.mdb,1,1,VMC,historical
20001206X01419,ACC,1994-06-06 00:00:00,1994,6,BETHEL,AK,USA,NONE,DAYL,VMC,50.0,11,0,0,0,2,60.809307,-161.85025,Pre2008.mdb,1,1,VMC,historical
20001206X01420,ACC,1994-06-13 00:00:00,1994,6,ANCHORAGE,AK,USA,NONE,DAYL,VMC,100.0,4,0,0,0,2,61.219459,-149.849456,Pre2008.mdb,1,1,VMC,historical
20001206X01421,ACC,1994-06-25 00:00:00,1994,6,FAIRBANKS,AK,USA,NONE,DAYL,VMC,60.0,15,0,0,0,2,64.769577,-147.330825,Pre2008.mdb,1,1,VMC,historical
20001206X01422,ACC,1994-06-29 00:00:00,1994,6,SHELDON POINT,AK,USA,NONE,DAYL,VMC,10.0,15,0,0,0,1,62.439319,-165.149826,Pre2008.mdb,1,1,VMC,historical
20001206X01423,ACC,1994-07-01 00:00:00,1994,7,ANCHORAGE,AK,USA,NONE,DAYL,VMC,90.0,7,0,0,0,3,61.160686,-149.990081,Pre2008.mdb,1,1,VMC,historical
20001206X01637,ACC,1994-07-07 00:00:00,1994,7,NORTHWAY,AK,USA,NONE,DAYL,VMC,35.0,9,0,0,0,3,62.999408,-141.690277,Pre2008.mdb,1,1,VMC,historical
20001206X01638,ACC,1994-07-08 00:00:00,1994,7,FT RICHARDSON,AK,USA,NONE,DAYL,VMC,50.0,,0,0,0,1,61.259201,-149.600891,Pre2008.mdb,1,1,VMC,historical
20001206X01639,ACC,1994-07-09 00:00:00,1994,7,KENAI,AK,USA,SERS,DAYL,VMC,50.0,12,0,1,0,0,60.659107,-150.900115,Pre2008.mdb,3,3,VMC,historical
20001206X01640,ACC,1994-07-09 00:00:00,1994,7,NONDALTON,AK,USA,NONE,DAYL,VMC,25.0,25,0,0,0,6,59.95914,-154.870208,Pre2008.mdb,1,1,VMC,historical
20001206X01641,ACC,1994-07-13 00:00:00,1994,7,NEWTOK,AK,USA,NONE,DAYL,VMC,40.0,5,0,0,0,1,60.810863,-161.850662,Pre2008.mdb,1,1,VMC,historical
20001206X01642,ACC,1994-07-16 00:00:00,1994,7,KENAI,AK,USA,NONE,DAYL,VMC,50.0,,0,0,0,3,60.660182,-150.900955,Pre2008.mdb,1,1,VMC,historical
20001206X01643,ACC,1994-07-16 00:00:00,1994,7,NOATAK,AK,USA,NONE,DAYL,VMC,90.0,11,0,0,0,2,67.569686,-162.999908,Pre2008.mdb,1,1,VMC,historical
20001206X01644,ACC,1994-07-16 00:00:00,1994,7,TALKEETNA,AK,USA,NONE,DAYL,VMC,50.0,5,0,0,0,3,62.449596,-149.789169,Pre2008.mdb,1,1,VMC,historical
20001206X01645,ACC,1994-07-18 00:00:00,1994,7,PALMER,AK,USA,NONE,DAYL,VMC,30.0,8,0,0,0,1,61.620922,-148.980529,Pre2008.mdb,1,1,VMC,historical
20001206X01646,ACC,1994-07-18 00:00:00,1994,7,ANCHORAGE,AK,USA,NONE,DAYL,VMC,35.0,7,0,0,0,3,61.210006,-149.890792,Pre2008.mdb,1,1,VMC,historical
20001206X01647,ACC,1994-07-17 00:00:00,1994,7,FAIRBANKS,AK,USA,MINR,DAYL,VMC,60.0,15,0,0,1,1,64.809997,-147.720474,Pre2008.mdb,2,2,VMC,historical
20001206X01648,ACC,1994-07-21 00:00:00,1994,7,HAINES,AK,USA,NONE,DAYL,VMC,6.0,5,0,0,0,7,59.160797,-135.860107,Pre2008.mdb,1,1,VMC,historical
20001206X01649,ACC,1994-07-24 00:00:00,1994,7,ANCHORAGE,AK,USA,NONE,DAYL,VMC,75.0,,0,0,0,2,61.209434,-149.890975,Pre2008.mdb,1,1,VMC,historical
20001206X01650,ACC,1994-07-23 00:00:00,1994,7,MELOZZI HOT SPS,AK,USA,NONE,DAYL,VMC,50.0,10,0,0,0,2,65.179634,-152.070404,Pre2008.mdb,1,1,VMC,historical
20001206X01651,ACC,1994-07-30 00:00:00,1994,7,KENAI,AK,USA,SERS,DAYL,VMC,100.0,,0,2,0,3,60.660457,-150.899291,Pre2008.mdb,3,3,VMC,historical
20001206X01652,ACC,1994-07-31 00:00:00,1994,7,NORTH POLE,AK,USA,NONE,DAYL,VMC,40.0,,0,0,0,1,64.770484,-147.329452,Pre2008.mdb,1,1,VMC,historical
20001206X01902,ACC,1994-08-02 00:00:00,1994,8,WHITTIER,AK,USA,NONE,DAYL,IMC,0.25,,0,0,0,2,60.849945,-148.030349,Pre2008.mdb,1,1,IMC,historical
20001206X01903,ACC,1994-08-05 00:00:00,1994,8,MOSQUITO FLATS,AK,USA,NONE,DAYL,VMC,40.0,,0,0,0,2,63.17995,-143.10028,Pre2008.mdb,1,1,VMC,historical
20001206X01904,ACC,1994-08-05 00:00:00,1994,8,JUNEAU,AK,USA,NONE,DAYL,VMC,20.0,5,0,0,0,4,58.580234,-134.769485,Pre2008.mdb,1,1,VMC,historical
20001206X01905,ACC,1994-08-06 00:00:00,1994,8,KING SALMON,AK,USA,NONE,DAYL,VMC,50.0,8,0,0,0,4,58.750801,-156.539291,Pre2008.mdb,1,1,VMC,historical
20001206X01906,ACC,1994-08-04 00:00:00,1994,8,NORTH POLE,AK,USA,NONE,DAYL,VMC,30.0,,0,0,0,1,64.770378,-147.330368,Pre2008.mdb,1,1,VMC,historical
20001206X01907,ACC,1994-08-09 00:00:00,1994,8,BETHEL,AK,USA,MINR,DAYL,VMC,10.0,15,0,0,1,0,64.899414,-148.159347,Pre2008.mdb,2,2,VMC,historical
20001206X01908,ACC,1994-08-09 00:00:00,1994,8,CHUIT RIVER,AK,USA,NONE,DAYL,VMC,50.0,,0,0,0,5,61.08057,-151.159805,Pre2008.mdb,1,1,VMC,historical
20001206X01909,ACC,1994-08-13 00:00:00,1994,8,TOK,AK,USA,NONE,DAYL,VMC,30.0,,0,0,0,4,63.180698,-143.09996,Pre2008.mdb,1,1,VMC,historical
20001206X01910,ACC,1994-08-04 00:00:00,1994,8,SALCHA,AK,USA,NONE,DAYL,VMC,7.0,,0,0,0,2,64.370422,-146.589614,Pre2008.mdb,1,1,VMC,historical
20001206X01911,ACC,1994-08-31 00:00:00,1994,8,GUSTAVUS,AK,USA,NONE,DUSK,VMC,10.0,5,0,0,0,1,58.419414,-135.780609,Pre2008.mdb,1,1,VMC,historical
20001206X01653,ACC,1994-07-26 00:00:00,1994,7,DEADHORSE,AK,USA,NONE,DAYL,VMC,30.0,,0,0,0,1,70.429313,-149.290206,Pre2008.mdb,1,1,VMC,historical
20001206X01912,ACC,1994-08-20 00:00:00,1994,8,KOLIGANEK,AK,USA,NONE,DAYL,VMC,20.0,3,0,0,0,2,58.820549,-157.859649,Pre2008.mdb,1,1,VMC,historical
20001206X01913,ACC,1994-08-19 00:00:00,1994,8,SKWENTA,AK,USA,NONE,DAYL,VMC,30.0,,0,0,0,2,61.930736,-151.730072,Pre2008.mdb,1,1,VMC,historical
20001206X01914,ACC,1994-08-08 00:00:00,1994,8,DEADHORSE,AK,USA,NONE,DAYL,VMC,60.0,10,0,0,0,2,70.429862,-149.289199,Pre2008.mdb,1,1,VMC,historical
20001206X01915,ACC,1994-08-09 00:00:00,1994,8,SKWENTNA,AK,USA,NONE,DAYL,VMC,50.0,24,0,0,0,1,61.929912,-151.730621,Pre2008.mdb,1,1,VMC,historical
20001206X01916,ACC,1994-08-29 00:00:00,1994,8,SKWENTNA,AK,USA,NONE,DAYL,VMC,99.0,,0,0,0,1,59.850803,-154.559677,Pre2008.mdb,1,1,VMC,historical
20001206X01917,ACC,1994-08-31 00:00:00,1994,8,ANCHORAGE,AK,USA,NONE,DAYL,VMC,60.0,,0,0,0,2,61.219409,-149.849578,Pre2008.mdb,1,1,VMC,historical
20001206X01918,ACC,1994-08-22 00:00:00,1994,8,TALKEENTNA,AK,USA,NONE,DAYL,VMC,40.0,10,0,0,0,2,62.451,-149.789413,Pre2008.mdb,1,1,VMC,historical
20001206X01919,ACC,1994-08-21 00:00:00,1994,8,DELTA JUNCTION,AK,USA,NONE,DAYL,VMC,90.0,,0,0,0,2,63.700778,-144.889236,Pre2008.mdb,1,1,VMC,historical
20001206X01920,ACC,1994-08-21 00:00:00,1994,8,NORTHWAY,AK,USA,SERS,DAYL,IMC,1.0,10,0,1,0,1,63.000587,-141.689987,Pre2008.mdb,3,3,IMC,historical
20001206X01921,ACC,1994-08-18 00:00:00,1994,8,WRANGELL,AK,USA,NONE,DAYL,VMC,20.0,,0,0,0,1,56.410774,-131.610183,Pre2008.mdb,1,1,VMC,historical
20001206X01922,ACC,1994-08-20 00:00:00,1994,8,CHICKALOON,AK,USA,NONE,DAYL,VMC,30.0,5,0,0,0,2,61.739971,-148.219421,Pre2008.mdb,1,1,VMC,historical
20001206X01923,ACC,1994-08-20 00:00:00,1994,8,ARTIC VILLAGE,AK,USA,NONE,DAYL,VMC,5.0,5,0,0,0,1,68.089317,-145.600509,Pre2008.mdb,1,1,VMC,historical
20001206X01924,ACC,1994-08-28 00:00:00,1994,8,GLENALLEN,AK,USA,FATL,DUSK,VMC,5.0,10,2,0,0,0,62.100463,-145.530181,Pre2008.mdb,4,4,VMC,historical
20001206X01925,ACC,1994-08-31 00:00:00,1994,8,FORT YUKON,AK,USA,NONE,DAYL,VMC,30.0,,0,0,0,1,68.090026,-145.59967,Pre2008.mdb,1,1,VMC,historical
20001206X01926,ACC,1994-09-01 00:00:00,1994,9,CAPE SABINE,AK,USA,NONE,DAYL,VMC,2.0,20,0,0,0,2,67.240051,-161.189025,Pre2008.mdb,1,1,VMC,historical
20001206X01654,ACC,1994-07-30 00:00:00,1994,7,EAGLE,AK,USA,NONE,NR,Unk,,,0,0,0,1,64.430427,-141.219268,Pre2008.mdb,1,1,UNKNOWN,historical
20001206X02159,ACC,1994-09-03 00:00:00,1994,9,PORT ALSWORTH,AK,USA,NONE,DUSK,VMC,10.0,,0,0,0,3,60.200008,-154.280761,Pre2008.mdb,1,1,VMC,historical
20001206X02160,ACC,1994-09-02 00:00:00,1994,9,TOK,AK,USA,NONE,DAYL,VMC,3.0,,0,0,0,2,63.179012,-143.100082,Pre2008.mdb,1,1,VMC,historical
20001206X02161,ACC,1994-09-02 00:00:00,1994,9,FORT YUKON,AK,USA,NONE,DAYL,VMC,30.0,,0,0,0,2,66.559837,-145.250854,Pre2008.mdb,1,1,VMC,historical
20001206X02162,ACC,1994-09-07 00:00:00,1994,9,FAIRBANKS,AK,USA,NONE,DAYL,VMC,40.0,,0,0,0,1,64.900543,-148.159378,Pre2008.mdb,1,1,VMC,historical
20001206X02163,ACC,1994-09-10 00:00:00,1994,9,FAIRBANKS,AK,USA,NONE,NR,Unk,,,0,0,0,1,64.900154,-148.15953,Pre2008.mdb,1,1,UNKNOWN,historical
20001206X02164,ACC,1994-09-10 00:00:00,1994,9,GULKANA,AK,USA,NONE,DAYL,VMC,30.0,,0,0,0,2,55.919155,-159.490631,Pre2008.mdb,1,1,VMC,historical
20001206X02165,ACC,1994-09-08 00:00:00,1994,9,NONDALTON,AK,USA,NONE,DUSK,VMC,5.0,5,0,0,0,2,59.960662,-154.869323,Pre2008.mdb,1,1,VMC,historical
20001206X02166,ACC,1994-09-13 00:00:00,1994,9,WILLOW,AK,USA,NONE,DAYL,VMC,100.0,,0,0,0,1,61.079498,-151.160339,Pre2008.mdb,1,1,VMC,historical
20001206X02167,ACC,1994-09-15 00:00:00,1994,9,PORT ALSWORTH,AK,USA,NONE,DAYL,VMC,20.0,,0,0,0,2,60.199131,-154.27919,Pre2008.mdb,1,1,VMC,historical
20001206X02168,ACC,1994-09-13 00:00:00,1994,9,KODIAK,AK,USA,NONE,DAYL,VMC,20.0,15,0,0,0,2,57.789871,-152.399368,Pre2008.mdb,1,1,VMC,historical
20001206X01927,ACC,1994-08-19 00:00:00,1994,8,KETCHIKAN,AK,USA,NONE,DUSK,VMC,15.0,10,0,0,0,3,55.610488,-131.579452,Pre2008.mdb,1,1,VMC,historical
20001206X02169,ACC,1994-09-17 00:00:00,1994,9,WASILLA,AK,USA,SERS,DAYL,VMC,,,0,1,0,0,,,Pre2008.mdb,3,3,VMC,historical
20001206X02170,ACC,1994-09-18 00:00:00,1994,9,WASILLA,AK,USA,SERS,DAYL,VMC,,,0,1,0,0,,,Pre2008.mdb,3,3,VMC,historical
20001206X02171,ACC,1994-09-17 00:00:00,1994,9,WHITTIER,AK,USA,NONE,DAYL,VMC,15.0,15,0,0,0,6,60.849987,-148.030303,Pre2008.mdb,1,1,VMC,historical
20001211X13512,ACC,1993-10-13 00:00:00,1993,10,COLD BAY,AK,USA,,NR,VMC,9.0,32,0,0,0,0,55.219944,-162.779479,Pre2008.mdb,0,0,VMC,historical
20001206X01928,ACC,1994-08-10 00:00:00,1994,8,KOTZEBUE,AK,USA,,NR,VMC,15.0,23,0,0,0,0,67.239517,-161.189651,Pre2008.mdb,0,0,VMC,historical
20001206X02536,ACC,1994-11-04 00:00:00,1994,11,ANCHORAGE,AK,USA,NONE,DAYL,VMC,20.0,3,0,0,0,2,61.219058,-149.850082,Pre2008.mdb,1,1,VMC,historical
20001206X02666,ACC,1994-12-10 00:00:00,1994,12,ELIM,AK,USA,FATL,NDRK,IMC,,19,5,0,0,0,64.630256,-162.339675,Pre2008.mdb,4,4,IMC,historical
20001206X02667,ACC,1994-12-11 00:00:00,1994,12,ANCHORAGE,AK,USA,SERS,DAYL,VMC,,,0,1,0,120,61.159,-149.990356,Pre2008.mdb,3,3,VMC,historical
20001207X03204,ACC,1995-04-15 00:00:00,1995,4,CANTWELL,AK,USA,FATL,DAYL,IMC,1.0,20,2,0,0,0,63.010551,-149.399887,Pre2008.mdb,4,4,IMC,historical
20001207X03392,ACC,1995-05-21 00:00:00,1995,5,WASILLA,AK,USA,FATL,DAYL,IMC,,,1,0,0,0,,,Pre2008.mdb,4,4,IMC,historical
20001207X03573,ACC,1995-06-03 00:00:00,1995,6,PALMER,AK,USA,SERS,DAYL,VMC,30.0,,0,1,0,0,61.619388,-148.980895,Pre2008.mdb,3,3,VMC,historical
20001207X03393,ACC,1995-05-08 00:00:00,1995,5,CHUGIAK,AK,USA,FATL,DAYL,VMC,50.0,,2,0,0,0,61.410232,-149.170196,Pre2008.mdb,4,4,VMC,historical
20001207X03574,ACC,1995-06-21 00:00:00,1995,6,NONDALTON,AK,USA,FATL,DAYL,VMC,25.0,8,5,0,0,0,59.959598,-154.870834,Pre2008.mdb,4,4,VMC,historical
20001207X03575,ACC,1995-06-25 00:00:00,1995,6,VALDEZ,AK,USA,FATL,DAYL,IMC,,11,4,0,0,0,61.149318,-146.809265,Pre2008.mdb,4,4,IMC,historical
20001207X03576,ACC,1995-07-01 00:00:00,1995,7,KODIAK,AK,USA,FATL,DAYL,IMC,7.0,4,4,0,0,0,57.790691,-152.400451,Pre2008.mdb,4,4,IMC,historical
20001207X03827,ACC,1995-07-06 00:00:00,1995,7,NULATO,AK,USA,FATL,DAYL,VMC,50.0,5,1,2,0,0,64.720932,-158.110733,Pre2008.mdb,4,4,VMC,historical
20001207X03828,ACC,1995-07-07 00:00:00,1995,7,HAINES,AK,USA,FATL,DAYL,VMC,10.0,5,6,0,0,0,59.15921,-135.85913,Pre2008.mdb,4,4,VMC,historical
20001207X03829,ACC,1995-07-15 00:00:00,1995,7,NAKNEK,AK,USA,FATL,DAYL,VMC,30.0,4,2,0,0,0,58.800464,-156.899551,Pre2008.mdb,4,4,VMC,historical
20001207X04114,ACC,1995-08-05 00:00:00,1995,8,COLDFOOT,AK,USA,FATL,DAYL,VMC,10.0,12,2,0,0,0,64.810585,-147.720077,Pre2008.mdb,4,4,VMC,historical
20001207X04115,ACC,1995-08-22 00:00:00,1995,8,PALMER,AK,USA,FATL,DAYL,VMC,60.0,5,2,0,0,0,61.620342,-148.980178,Pre2008.mdb,4,4,VMC,historical
20001207X04116,ACC,1995-08-26 00:00:00,1995,8,DEADHORSE,AK,USA,FATL,DAYL,VMC,99.0,5,2,0,0,0,70.429595,-149.290298,Pre2008.mdb,4,4,VMC,historical
20001207X04117,ACC,1995-08-18 00:00:00,1995,8,KAKTOVIK,AK,USA,FATL,DAYL,VMC,90.0,,1,0,0,0,70.120452,-143.6595,Pre2008.mdb,4,4,VMC,historical
20001207X04397,ACC,1995-09-14 00:00:00,1995,9,PETERSBURG,AK,USA,FATL,DAYL,Unk,10.0,,2,0,0,0,57.049316,-132.619842,Pre2008.mdb,4,4,UNKNOWN,historical
20001207X04118,ACC,1995-08-21 00:00:00,1995,8,ANCHORAGE,AK,USA,FATL,DAYL,VMC,90.0,4,1,0,0,0,61.219768,-149.849029,Pre2008.mdb,4,4,VMC,historical
20001206X02668,ACC,1994-12-03 00:00:00,1994,12,KENAI,AK,USA,FATL,NDRK,IMC,12.0,12,1,0,0,0,60.659519,-150.899414,Pre2008.mdb,4,4,IMC,historical
20001207X03205,ACC,1995-04-12 00:00:00,1995,4,BUMPING LAKE,WA,USA,FATL,DAYL,Unk,,10,1,0,0,0,46.87923,-121.289634,Pre2008.mdb,4,4,UNKNOWN,historical
20001207X03206,ACC,1995-04-10 00:00:00,1995,4,COPPER CENTER 2,AK,USA,NONE,DAYL,VMC,30.0,5,0,0,0,1,62.1007,-145.52951,Pre2008.mdb,1,1,VMC,historical
20001207X04119,INC,1995-08-26 00:00:00,1995,8,JUNEAU,AK,USA,NONE,DAYL,VMC,99.0,,0,0,0,3,58.579612,-134.770538,Pre2008.mdb,1,1,VMC,historical
20001207X04398,INC,1995-09-22 00:00:00,1995,9,GUSTAVUS,AK,USA,NONE,DAYL,VMC,10.0,13,0,0,0,1,58.41941,-135.779754,Pre2008.mdb,1,1,VMC,historical
20001206X02367,ACC,1994-10-04 00:00:00,1994,10,ANCHORAGE,AK,USA,NONE,DAYL,VMC,50.0,8,0,0,0,1,61.220321,-149.850097,Pre2008.mdb,1,1,VMC,historical
20001206X02368,ACC,1994-10-01 00:00:00,1994,10,ANIAK,AK,USA,NONE,DAYL,VMC,2.0,12,0,0,0,2,61.199302,-158.600082,Pre2008.mdb,1,1,VMC,historical
20001206X02369,ACC,1994-10-15 00:00:00,1994,10,KOTZEBUE,AK,USA,NONE,DAYL,VMC,10.0,6,0,0,0,3,67.240364,-161.189849,Pre2008.mdb,1,1,VMC,historical
20001206X02370,ACC,1994-10-21 00:00:00,1994,10,NIKOLAI,AK,USA,NONE,DAYL,VMC,5.0,,0,0,0,1,62.86956,-153.869979,Pre2008.mdb,1,1,VMC,historical
20001206X02371,ACC,1994-10-19 00:00:00,1994,10,PALMER,AK,USA,NONE,DAYL,VMC,60.0,,0,0,0,1,61.619228,-148.979644,Pre2008.mdb,1,1,VMC,historical
20001206X02537,ACC,1994-11-08 00:00:00,1994,11,KENAI,AK,USA,NONE,DAYL,VMC,15.0,,0,0,0,1,60.660228,-150.900573,Pre2008.mdb,1,1,VMC,historical
20001206X02538,ACC,1994-11-12 00:00:00,1994,11,BETHEL,AK,USA,NONE,DAYL,IMC,1.0,18,0,0,0,3,60.81097,-161.850738,Pre2008.mdb,1,1,IMC,historical
20001206X02539,ACC,1994-11-19 00:00:00,1994,11,ANCHORAGE,AK,USA,NONE,DAYL,VMC,35.0,7,0,0,0,1,61.159793,-149.989212,Pre2008.mdb,1,1,VMC,historical
20001206X02540,ACC,1994-11-20 00:00:00,1994,11,JUNEAU,AK,USA,,DAYL,VMC,5.0,,0,0,0,0,58.579757,-134.77069,Pre2008.mdb,0,0,VMC,historical
20001206X02541,ACC,1994-11-18 00:00:00,1994,11,AKIACHAK,AK,USA,NONE,DAYL,VMC,15.0,18,0,0,0,3,60.899219,-161.420455,Pre2008.mdb,1,1,VMC,historical
20001206X02669,ACC,1994-12-04 00:00:00,1994,12,KENAI,AK,USA,NONE,DAYL,VMC,3.0,10,0,0,0,3,60.659107,-150.900024,Pre2008.mdb,1,1,VMC,historical
20001206X02670,ACC,1994-12-05 00:00:00,1994,12,ANGOON,AK,USA,SERS,DAYL,IMC,0.5,,0,1,0,0,57.439918,-134.479461,Pre2008.mdb,3,3,IMC,historical
20001206X02671,ACC,1994-12-12 00:00:00,1994,12,TAKOTNA,AK,USA,SERS,DAYL,VMC,6.0,6,0,1,1,1,,,Pre2008.mdb,3,3,VMC,historical
20001206X02672,ACC,1994-12-12 00:00:00,1994,12,PALMER,AK,USA,NONE,DAYL,VMC,20.0,,0,0,0,1,61.619293,-148.980819,Pre2008.mdb,1,1,VMC,historical
20001206X02673,ACC,1994-12-13 00:00:00,1994,12,SAINT MARY'S,AK,USA,NONE,DAYL,IMC,,5,0,0,0,2,62.060375,-163.290161,Pre2008.mdb,1,1,IMC,historical
20001206X02674,ACC,1994-12-17 00:00:00,1994,12,JUNEAU,AK,USA,NONE,DAYL,VMC,50.0,,0,0,0,2,58.57978,-134.770568,Pre2008.mdb,1,1,VMC,historical
20001206X02675,ACC,1994-12-26 00:00:00,1994,12,TOK,AK,USA,NONE,DAYL,VMC,5.0,,0,0,0,2,63.180873,-143.100402,Pre2008.mdb,1,1,VMC,historical
20001207X02806,ACC,1995-01-02 00:00:00,1995,1,CRAIG,AK,USA,NONE,DAYL,VMC,50.0,,0,0,0,8,55.45956,-132.829803,Pre2008.mdb,1,1,VMC,historical
20001206X02676,ACC,1994-12-25 00:00:00,1994,12,UNALAKLEET,AK,USA,NONE,DAYL,VMC,10.0,25,0,0,0,1,64.0895,-160.359375,Pre2008.mdb,1,1,VMC,historical
20001207X02807,ACC,1995-01-04 00:00:00,1995,1,AKIAK,AK,USA,NONE,DAYL,VMC,100.0,15,0,0,0,1,60.900669,-161.229476,Pre2008.mdb,1,1,VMC,historical
20001207X02808,ACC,1995-01-06 00:00:00,1995,1,DUTCH HARBOR,AK,USA,NONE,DAYL,VMC,10.0,5,0,0,0,2,53.88948,-166.539871,Pre2008.mdb,1,1,VMC,historical
20001207X02809,ACC,1995-01-08 00:00:00,1995,1,WASILLA,AK,USA,NONE,DAYL,VMC,50.0,,0,0,0,1,61.51926,-149.569351,Pre2008.mdb,1,1,VMC,historical
20001207X02810,ACC,1995-01-15 00:00:00,1995,1,ANVIK,AK,USA,NONE,DAYL,VMC,30.0,,0,0,0,2,62.62976,-160.200195,Pre2008.mdb,1,1,VMC,historical
20001207X02811,ACC,1995-01-20 00:00:00,1995,1,AKIAK,AK,USA,NONE,DUSK,VMC,5.0,3,0,0,0,7,60.900447,-161.229614,Pre2008.mdb,1,1,VMC,historical
20001207X02920,ACC,1995-02-01 00:00:00,1995,2,W.POINT VILLAGE,AK,USA,NONE,DAWN,VMC,10.0,5,0,0,0,1,57.789661,-152.400848,Pre2008.mdb,1,1,VMC,historical
20001206X02677,ACC,1994-12-31 00:00:00,1994,12,NEW STUYAHOK,AK,USA,NONE,DAYL,VMC,30.0,20,0,0,0,1,59.489929,-157.290054,Pre2008.mdb,1,1,VMC,historical
20001207X03049,ACC,1995-03-04 00:00:00,1995,3,PORT ALSWORTH,AK,USA,NONE,DAYL,VMC,50.0,,0,0,0,3,60.200786,-154.279724,Pre2008.mdb,1,1,VMC,historical
20001207X03050,ACC,1995-03-09 00:00:00,1995,3,FAIRBANKS,AK,USA,NONE,DAYL,VMC,50.0,20,0,0,0,1,,,Pre2008.mdb,1,1,VMC,historical
20001207X03051,ACC,1995-03-10 00:00:00,1995,3,KETCHIKAN,AK,USA,SERS,DAYL,IMC,5.0,,0,3,0,0,55.680534,-132.190673,Pre2008.mdb,3,3,IMC,historical
20001207X03052,ACC,1995-03-18 00:00:00,1995,3,GLENNALLEN,AK,USA,NONE,DAYL,VMC,30.0,3,0,0,0,1,62.100479,-145.530563,Pre2008.mdb,1,1,VMC,historical
20001207X03053,ACC,1995-03-20 00:00:00,1995,3,BETHEL,AK,USA,NONE,DAYL,IMC,2.0,20,0,0,0,2,,,Pre2008.mdb,1,1,IMC,historical
20001207X03054,ACC,1995-03-10 00:00:00,1995,3,SKWENTNA,AK,USA,NONE,DAYL,VMC,50.0,,0,0,0,1,61.930114,-151.730651,Pre2008.mdb,1,1,VMC,historical
20001207X03055,ACC,1995-03-25 00:00:00,1995,3,ANCHORAGE,AK,USA,NONE,DAYL,VMC,75.0,5,0,0,0,2,61.220378,-149.849975,Pre2008.mdb,1,1,VMC,historical
20001207X03056,ACC,1995-03-26 00:00:00,1995,3,DEADHORSE,AK,USA,NONE,DAYL,VMC,20.0,6,0,0,0,4,70.429832,-149.289093,Pre2008.mdb,1,1,VMC,historical
20001207X03057,ACC,1995-03-29 00:00:00,1995,3,CHEVAK,AK,USA,NONE,DAYL,VMC,20.0,5,0,0,0,1,61.530551,-165.600936,Pre2008.mdb,1,1,VMC,historical
20001207X03058,ACC,1995-03-29 00:00:00,1995,3,ANCHORAGE,AK,USA,NONE,DAYL,VMC,10.0,5,0,0,0,1,69.219902,-146.790466,Pre2008.mdb,1,1,VMC,historical
20001207X03059,ACC,1995-03-20 00:00:00,1995,3,ANCHORAGE,AK,USA,NONE,DAYL,VMC,80.0,8,0,0,0,1,61.219535,-149.850952,Pre2008.mdb,1,1,VMC,historical
20001207X03207,ACC,1995-04-15 00:00:00,1995,4,BETHEL,AK,USA,NONE,DAYL,VMC,40.0,11,0,0,0,1,60.809997,-161.849884,Pre2008.mdb,1,1,VMC,historical
20001207X03208,ACC,1995-04-15 00:00:00,1995,4,KOLIGANEK,AK,USA,NONE,DAYL,VMC,20.0,35,0,0,0,3,58.820934,-157.859558,Pre2008.mdb,1,1,VMC,historical
20001213X29277,ACC,1989-09-19 00:00:00,1989,9,SLEEPY BAY,AK,USA,NONE,DAYL,VMC,15.0,10,0,0,0,5,,,Pre2008.mdb,1,1,VMC,historical
20001207X03209,ACC,1995-04-17 00:00:00,1995,4,KIVALINA,AK,USA,NONE,DAYL,VMC,10.0,12,0,0,0,2,67.729942,-164.549362,Pre2008.mdb,1,1,VMC,historical
20001207X03210,ACC,1995-04-07 00:00:00,1995,4,SOLDOTNA,AK,USA,NONE,DAYL,VMC,20.0,,0,0,0,2,60.319381,-150.789916,Pre2008.mdb,1,1,VMC,historical
20001207X03211,ACC,1995-04-26 00:00:00,1995,4,OLD HARBOR,AK,USA,SERS,DAYL,IMC,2.0,10,0,1,0,0,57.21088,-153.320358,Pre2008.mdb,3,3,IMC,historical
20001207X03394,ACC,1995-05-08 00:00:00,1995,5,DILLINGHAM,AK,USA,NONE,DAYL,VMC,50.0,9,0,0,0,6,58.819404,-157.85968,Pre2008.mdb,1,1,VMC,historical
20001207X03212,ACC,1995-04-30 00:00:00,1995,4,KETCHIKAN,AK,USA,NONE,DAYL,VMC,35.0,10,0,0,0,1,55.610706,-131.58049,Pre2008.mdb,1,1,VMC,historical
20001207X03395,ACC,1995-05-04 00:00:00,1995,5,ANCHORAGE,AK,USA,NONE,DUSK,VMC,90.0,8,0,0,0,4,61.159137,-149.990814,Pre2008.mdb,1,1,VMC,historical
20001207X03396,ACC,1995-05-12 00:00:00,1995,5,CHICKALOON,AK,USA,NONE,DAYL,VMC,35.0,20,0,0,0,1,61.740409,-148.220306,Pre2008.mdb,1,1,VMC,historical
20001207X03397,ACC,1995-05-18 00:00:00,1995,5,ANCHORAGE,AK,USA,NONE,DAYL,VMC,90.0,14,0,0,0,1,61.160964,-149.989776,Pre2008.mdb,1,1,VMC,historical
20001207X03398,ACC,1995-05-22 00:00:00,1995,5,HOPE,AK,USA,NONE,DAYL,VMC,30.0,5,0,0,0,1,60.840877,-149.4001,Pre2008.mdb,1,1,VMC,historical
20001207X03399,ACC,1995-05-25 00:00:00,1995,5,BETHEL,AK,USA,NONE,DAYL,VMC,5.0,12,0,0,0,1,60.809337,-161.849914,Pre2008.mdb,1,1,VMC,historical
20001207X03400,ACC,1995-05-26 00:00:00,1995,5,TALKEETNA,AK,USA,MINR,DAYL,VMC,10.0,,0,0,3,0,62.450523,-149.790939,Pre2008.mdb,2,2,VMC,historical
20001207X03401,ACC,1995-05-29 00:00:00,1995,5,KOLIGANEK,AK,USA,NONE,DAYL,VMC,20.0,5,0,0,0,1,58.819385,-157.860595,Pre2008.mdb,1,1,VMC,historical
20001207X03402,ACC,1995-05-29 00:00:00,1995,5,GALENA,AK,USA,NONE,DAYL,VMC,50.0,,0,0,0,1,64.740989,-156.850143,Pre2008.mdb,1,1,VMC,historical
20001207X03403,ACC,1995-05-31 00:00:00,1995,5,SKAGWAY,AK,USA,NONE,DAYL,VMC,20.0,15,0,0,0,7,59.570594,-135.349609,Pre2008.mdb,1,1,VMC,historical
20001207X03577,ACC,1995-06-04 00:00:00,1995,6,BIG DELTA,AK,USA,NONE,DAYL,VMC,99.0,,0,0,0,2,63.700523,-144.890945,Pre2008.mdb,1,1,VMC,historical
20001207X03578,ACC,1995-06-05 00:00:00,1995,6,MANLEY HOT SPRI,AK,USA,NONE,DAYL,VMC,60.0,10,0,0,0,1,64.650955,-150.899932,Pre2008.mdb,1,1,VMC,historical
20001207X03579,ACC,1995-06-07 00:00:00,1995,6,FAIRBANKS,AK,USA,NONE,DAYL,VMC,60.0,,0,0,0,1,64.809928,-147.719894,Pre2008.mdb,1,1,VMC,historical
20001207X03580,ACC,1995-06-11 00:00:00,1995,6,TYONEK,AK,USA,NONE,DAYL,VMC,100.0,,0,0,0,2,61.080764,-151.159606,Pre2008.mdb,1,1,VMC,historical
20001207X03581,ACC,1995-06-10 00:00:00,1995,6,NIKISKI,AK,USA,NONE,DAYL,VMC,40.0,3,0,0,0,2,,,Pre2008.mdb,1,1,VMC,historical
20001207X03582,ACC,1995-06-11 00:00:00,1995,6,DILLINGHAM,AK,USA,NONE,DAYL,VMC,100.0,7,0,0,0,3,58.820663,-157.860168,Pre2008.mdb,1,1,VMC,historical
20001207X03583,ACC,1995-06-10 00:00:00,1995,6,SKWENTNA,AK,USA,NONE,DAYL,VMC,100.0,,0,0,0,4,59.569259,-135.350479,Pre2008.mdb,1,1,VMC,historical
20001207X03584,ACC,1995-06-11 00:00:00,1995,6,ANCHORAGE,AK,USA,SERS,DAYL,VMC,70.0,10,0,1,0,1,61.16011,-149.990829,Pre2008.mdb,3,3,VMC,historical
20001207X03585,ACC,1995-06-12 00:00:00,1995,6,KETCHIKAN,AK,USA,MINR,DAYL,VMC,15.0,,0,0,4,0,55.609596,-131.580261,Pre2008.mdb,2,2,VMC,historical
20001207X03586,ACC,1995-06-15 00:00:00,1995,6,GULKANA,AK,USA,NONE,DAYL,VMC,25.0,6,0,0,0,3,62.100727,-145.530044,Pre2008.mdb,1,1,VMC,historical
20001207X03587,ACC,1995-06-12 00:00:00,1995,6,TUNTUTULIAK,AK,USA,NONE,DAYL,VMC,39.0,10,0,0,0,4,60.409229,-162.649307,Pre2008.mdb,1,1,VMC,historical
20001207X03588,ACC,1995-06-22 00:00:00,1995,6,FAIRBANKS,AK,USA,NONE,DAYL,VMC,60.0,,0,0,0,1,64.809822,-147.720138,Pre2008.mdb,1,1,VMC,historical
20001207X03589,ACC,1995-06-23 00:00:00,1995,6,MINTO,AK,USA,NONE,DAYL,VMC,100.0,5,0,0,0,2,60.20914,-162.029022,Pre2008.mdb,1,1,VMC,historical
20001207X03590,ACC,1995-06-24 00:00:00,1995,6,GUSTAVUS,AK,USA,NONE,DAYL,VMC,10.0,3,0,0,0,3,58.420936,-135.780731,Pre2008.mdb,1,1,VMC,historical
20001207X03591,ACC,1995-06-25 00:00:00,1995,6,ANAKTUVUK,AK,USA,MINR,DAYL,IMC,1.0,,0,0,2,2,68.149391,-151.709976,Pre2008.mdb,2,2,IMC,historical
20001207X03592,ACC,1995-06-05 00:00:00,1995,6,MCGRATH,AK,USA,NONE,DAYL,VMC,10.0,5,0,0,0,3,63.609951,-154.779525,Pre2008.mdb,1,1,VMC,historical
20001207X03593,ACC,1995-06-27 00:00:00,1995,6,DELTA JUNCTION,AK,USA,NONE,DUSK,VMC,50.0,12,0,0,0,4,63.700244,-144.889938,Pre2008.mdb,1,1,VMC,historical
20001207X03594,ACC,1995-06-29 00:00:00,1995,6,FAIRBANKS,AK,USA,NONE,DAYL,VMC,80.0,4,0,0,0,2,64.809661,-147.719192,Pre2008.mdb,1,1,VMC,historical
20001207X03595,ACC,1995-06-29 00:00:00,1995,6,PALMER,AK,USA,NONE,DUSK,VMC,20.0,,0,0,0,1,61.619682,-148.98027,Pre2008.mdb,1,1,VMC,historical
20001207X03596,ACC,1995-06-28 00:00:00,1995,6,TALKEETNA,AK,USA,NONE,DAYL,VMC,30.0,5,0,0,0,3,62.449447,-149.789169,Pre2008.mdb,1,1,VMC,historical
20001207X03597,ACC,1995-07-01 00:00:00,1995,7,SHISHMAREF,AK,USA,NONE,DAYL,VMC,15.0,7,0,0,0,2,66.020935,-165.910919,Pre2008.mdb,1,1,VMC,historical
20001207X03598,ACC,1995-07-01 00:00:00,1995,7,TALKEETNA,AK,USA,NONE,DAYL,VMC,5.0,30,0,0,0,5,62.449237,-149.790206,Pre2008.mdb,1,1,VMC,historical
20001207X03599,ACC,1995-06-28 00:00:00,1995,6,TYONEK,AK,USA,NONE,DAYL,VMC,40.0,,0,0,0,1,61.079132,-151.160507,Pre2008.mdb,1,1,VMC,historical
20001207X03830,ACC,1995-07-04 00:00:00,1995,7,CHITINA,AK,USA,NONE,DAYL,VMC,10.0,,0,0,0,4,61.450107,-143.150009,Pre2008.mdb,1,1,VMC,historical
20001207X03831,ACC,1995-07-05 00:00:00,1995,7,HOMER,AK,USA,NONE,DAYL,VMC,60.0,,0,0,0,2,59.399715,-151.319427,Pre2008.mdb,1,1,VMC,historical
20001207X03832,ACC,1995-07-06 00:00:00,1995,7,NAKNEK,AK,USA,NONE,DAYL,VMC,15.0,8,0,0,0,1,58.799568,-156.899642,Pre2008.mdb,1,1,VMC,historical
20001207X03833,ACC,1995-07-05 00:00:00,1995,7,PALMER,AK,USA,NONE,DAYL,VMC,90.0,5,0,0,0,2,58.800865,-156.899429,Pre2008.mdb,1,1,VMC,historical
20001207X03834,ACC,1995-07-07 00:00:00,1995,7,ANCHORAGE,AK,USA,NONE,DAYL,VMC,35.0,4,0,0,0,1,61.160175,-149.989105,Pre2008.mdb,1,1,VMC,historical
20001207X03835,ACC,1995-07-13 00:00:00,1995,7,KING SALMON,AK,USA,NONE,DAYL,VMC,30.0,15,0,0,0,2,58.750148,-156.53955,Pre2008.mdb,1,1,VMC,historical
20001207X03836,ACC,1995-07-14 00:00:00,1995,7,KETCHIKAN,AK,USA,NONE,DAYL,VMC,20.0,10,0,0,0,8,55.610565,-131.57936,Pre2008.mdb,1,1,VMC,historical
20001207X03837,ACC,1995-07-16 00:00:00,1995,7,KALSKAG,AK,USA,NONE,DAYL,VMC,50.0,4,0,0,0,1,61.609943,-160.200042,Pre2008.mdb,1,1,VMC,historical
20001207X03838,ACC,1995-07-17 00:00:00,1995,7,ANCHORAGE,AK,USA,NONE,DAYL,VMC,50.0,3,0,0,0,2,61.159214,-149.989242,Pre2008.mdb,1,1,VMC,historical
20001207X03839,ACC,1995-07-18 00:00:00,1995,7,PAXSON,AK,USA,NONE,DAYL,VMC,20.0,5,0,0,0,2,63.700344,-144.889419,Pre2008.mdb,1,1,VMC,historical
20001207X03840,ACC,1995-07-19 00:00:00,1995,7,KING SALMON,AK,USA,NONE,DAYL,VMC,30.0,12,0,0,0,6,58.750007,-156.539123,Pre2008.mdb,1,1,VMC,historical
20001207X03841,ACC,1995-07-17 00:00:00,1995,7,NENANA,AK,USA,NONE,DAYL,VMC,99.0,10,0,0,0,1,64.469696,-148.570709,Pre2008.mdb,1,1,VMC,historical
20001211X13069,ACC,1993-08-16 00:00:00,1993,8,VALENSOL,,FR,FATL,NR,Unk,,,1,0,0,0,,,Pre2008.mdb,4,4,UNKNOWN,historical
20001207X03600,ACC,1995-06-09 00:00:00,1995,6,KING SALMON,AK,USA,NONE,DAYL,VMC,60.0,15,0,0,0,1,58.750156,-156.539916,Pre2008.mdb,1,1,VMC,historical
20001207X03842,ACC,1995-07-21 00:00:00,1995,7,ANCHORAGE,AK,USA,SERS,DAYL,VMC,20.0,10,0,1,1,0,,,Pre2008.mdb,3,3,VMC,historical
20001207X03843,ACC,1995-07-21 00:00:00,1995,7,BETTLES,AK,USA,NONE,DAYL,VMC,10.0,5,0,0,0,1,67.240158,-152.269348,Pre2008.mdb,1,1,VMC,historical
20001207X03844,ACC,1995-07-26 00:00:00,1995,7,TYONEK,AK,USA,NONE,DAYL,VMC,30.0,,0,0,0,2,61.079093,-151.160369,Pre2008.mdb,1,1,VMC,historical
20001207X03845,ACC,1995-07-26 00:00:00,1995,7,TALKEETNA,AK,USA,MINR,DAYL,VMC,30.0,8,0,0,1,0,62.450393,-149.789611,Pre2008.mdb,2,2,VMC,historical
20001207X03846,ACC,1995-07-09 00:00:00,1995,7,KOTZEBUE,AK,USA,NONE,DAYL,VMC,5.0,3,0,0,0,1,67.239959,-161.189086,Pre2008.mdb,1,1,VMC,historical
20001207X03847,ACC,1995-07-30 00:00:00,1995,7,NORTH POLE,AK,USA,MINR,DAYL,VMC,80.0,,0,0,1,3,64.770294,-147.330459,Pre2008.mdb,2,2,VMC,historical
20001207X03848,ACC,1995-07-29 00:00:00,1995,7,CORDOVA,AK,USA,FATL,DAYL,IMC,5.0,17,4,0,0,0,60.79071,-145.610519,Pre2008.mdb,4,4,IMC,historical
20001207X03849,ACC,1995-07-29 00:00:00,1995,7,KENAI,AK,USA,NONE,DAYL,VMC,15.0,10,0,0,0,3,60.659736,-150.900939,Pre2008.mdb,1,1,VMC,historical
20001207X03850,ACC,1995-07-29 00:00:00,1995,7,PORT ALSWORTH,AK,USA,NONE,DAYL,VMC,5.0,10,0,0,0,3,60.200584,-154.279296,Pre2008.mdb,1,1,VMC,historical
20001207X03851,ACC,1995-08-01 00:00:00,1995,8,KODIAK,AK,USA,NONE,DAYL,VMC,15.0,12,0,0,0,2,57.789028,-152.400604,Pre2008.mdb,1,1,VMC,historical
20001207X04120,ACC,1995-08-02 00:00:00,1995,8,NIKISKI,AK,USA,NONE,DAYL,VMC,10.0,10,0,0,0,4,60.680065,-162.000213,Pre2008.mdb,1,1,VMC,historical
20001207X04121,ACC,1995-08-01 00:00:00,1995,8,CHICKALOON,AK,USA,SERS,DAYL,VMC,20.0,15,0,1,1,0,61.739555,-148.219116,Pre2008.mdb,3,3,VMC,historical
20001207X03852,ACC,1995-07-23 00:00:00,1995,7,SHISHMAREF,AK,USA,NONE,DAYL,VMC,20.0,15,0,0,0,6,66.019027,-165.910232,Pre2008.mdb,1,1,VMC,historical
20001207X04122,ACC,1995-08-02 00:00:00,1995,8,SKWENTNA,AK,USA,NONE,DAYL,VMC,20.0,,0,0,0,4,61.930553,-151.729476,Pre2008.mdb,1,1,VMC,historical
20001207X04123,ACC,1995-08-04 00:00:00,1995,8,STERLING,AK,USA,NONE,DAYL,VMC,10.0,7,0,0,0,3,60.539474,-150.789886,Pre2008.mdb,1,1,VMC,historical
20001207X04124,ACC,1995-08-04 00:00:00,1995,8,CIRCLE,AK,USA,MINR,DAYL,VMC,50.0,1,0,0,2,0,65.790756,-144.200057,Pre2008.mdb,2,2,VMC,historical
20001207X04125,ACC,1995-08-05 00:00:00,1995,8,KETCHIKAN,AK,USA,NONE,DAYL,VMC,20.0,20,0,0,0,1,55.610462,-131.580017,Pre2008.mdb,1,1,VMC,historical
20001207X04126,ACC,1995-08-06 00:00:00,1995,8,PORT ALSWORTH,AK,USA,NONE,DAYL,VMC,30.0,,0,0,0,2,60.199329,-154.28096,Pre2008.mdb,1,1,VMC,historical
20001207X04127,ACC,1995-08-08 00:00:00,1995,8,ILIAMNA,AK,USA,NONE,DAYL,VMC,20.0,,0,0,0,8,59.850711,-154.559829,Pre2008.mdb,1,1,VMC,historical
20001207X04128,ACC,1995-08-09 00:00:00,1995,8,CORDOVA,AK,USA,SERS,DAYL,VMC,90.0,,0,1,0,0,60.78981,-145.60997,Pre2008.mdb,3,3,VMC,historical
20001207X04129,ACC,1995-08-10 00:00:00,1995,8,CORDOVA,AK,USA,NONE,DAYL,VMC,25.0,,0,0,0,3,60.790641,-145.609786,Pre2008.mdb,1,1,VMC,historical
20001207X04130,ACC,1995-08-10 00:00:00,1995,8,ANIAK,AK,USA,NONE,DAYL,VMC,30.0,5,0,0,0,2,61.200347,-158.59909,Pre2008.mdb,1,1,VMC,historical
20001207X04131,ACC,1995-08-11 00:00:00,1995,8,TALKEETNA,AK,USA,NONE,DAYL,VMC,30.0,5,0,0,0,1,62.449699,-149.790924,Pre2008.mdb,1,1,VMC,historical
20001208X05688,ACC,1996-05-14 00:00:00,1996,5,BIG LAKE,AK,USA,NONE,DAYL,VMC,50.0,12,0,0,0,1,61.45935,-150.089401,Pre2008.mdb,1,1,VMC,historical
20001207X04132,ACC,1995-08-14 00:00:00,1995,8,TOGIAK,AK,USA,NONE,DAYL,VMC,50.0,17,0,0,0,1,59.210903,-160.539398,Pre2008.mdb,1,1,VMC,historical
20001207X04133,ACC,1995-08-15 00:00:00,1995,8,PORT ALSWORTH,AK,USA,SERS,DAYL,VMC,30.0,12,0,2,0,0,60.199382,-154.279907,Pre2008.mdb,3,3,VMC,historical
20001207X04134,ACC,1995-08-15 00:00:00,1995,8,TELLER,AK,USA,NONE,DAYL,VMC,50.0,,0,0,0,4,65.250305,-166.359512,Pre2008.mdb,1,1,VMC,historical
20001207X04135,ACC,1995-08-11 00:00:00,1995,8,NIKOLAI,AK,USA,NONE,DAYL,VMC,15.0,10,0,0,0,1,62.869693,-153.869293,Pre2008.mdb,1,1,VMC,historical
20001207X04136,ACC,1995-08-16 00:00:00,1995,8,GLENNALLEN,AK,USA,NONE,DAYL,VMC,50.0,3,0,0,0,2,62.099094,-145.530319,Pre2008.mdb,1,1,VMC,historical
20001207X04137,ACC,1995-08-18 00:00:00,1995,8,ANCHORAGE,AK,USA,SERS,DUSK,VMC,40.0,3,0,1,2,0,61.160614,-149.989425,Pre2008.mdb,3,3,VMC,historical
20001207X04138,ACC,1995-08-18 00:00:00,1995,8,ANCHORAGE,AK,USA,NONE,DUSK,VMC,50.0,,0,0,0,3,61.159324,-149.990325,Pre2008.mdb,1,1,VMC,historical
20001207X04139,ACC,1995-08-17 00:00:00,1995,8,SKWENTNA,AK,USA,NONE,DAYL,VMC,50.0,4,0,0,0,1,61.930236,-151.72966,Pre2008.mdb,1,1,VMC,historical
20001207X04140,ACC,1995-08-21 00:00:00,1995,8,FORT YUKON,AK,USA,NONE,DAYL,VMC,60.0,5,0,0,0,1,66.56034,-145.249542,Pre2008.mdb,1,1,VMC,historical
20001207X04141,ACC,1995-08-23 00:00:00,1995,8,KENAI,AK,USA,NONE,DAYL,VMC,30.0,2,0,0,0,3,60.659137,-150.900802,Pre2008.mdb,1,1,VMC,historical
20001207X04142,ACC,1995-08-24 00:00:00,1995,8,SOLDOTNA,AK,USA,SERS,DAYL,VMC,50.0,15,0,1,0,3,60.320915,-150.790527,Pre2008.mdb,3,3,VMC,historical
20001207X04143,ACC,1995-08-17 00:00:00,1995,8,NIKISKI,AK,USA,NONE,DAYL,VMC,50.0,,0,0,0,2,,,Pre2008.mdb,1,1,VMC,historical
20001207X04144,ACC,1995-08-29 00:00:00,1995,8,SLEETMUTE,AK,USA,NONE,DAYL,VMC,50.0,7,0,0,0,2,61.679264,-157.159255,Pre2008.mdb,1,1,VMC,historical
20001207X04399,ACC,1995-09-02 00:00:00,1995,9,BIG LAKE,AK,USA,NONE,DAYL,VMC,90.0,9,0,0,0,1,61.460666,-150.090393,Pre2008.mdb,1,1,VMC,historical
20001207X04400,ACC,1995-09-03 00:00:00,1995,9,IGIUGIG,AK,USA,NONE,DAYL,VMC,70.0,10,0,0,0,4,58.750507,-156.539382,Pre2008.mdb,1,1,VMC,historical
20001207X04401,ACC,1995-09-01 00:00:00,1995,9,SKWENTNA,AK,USA,FATL,DAYL,IMC,12.0,7,1,0,0,0,61.929687,-151.729629,Pre2008.mdb,4,4,IMC,historical
20001207X04402,ACC,1995-09-06 00:00:00,1995,9,HOMER,AK,USA,NONE,DAWN,VMC,10.0,8,0,0,0,1,59.399726,-151.319702,Pre2008.mdb,1,1,VMC,historical
20001207X04403,ACC,1995-09-08 00:00:00,1995,9,GLENNALLEN,AK,USA,SERS,DAYL,VMC,5.0,,0,1,0,1,62.100273,-145.530654,Pre2008.mdb,3,3,VMC,historical
20001207X04404,ACC,1995-09-09 00:00:00,1995,9,ANIAK,AK,USA,NONE,DAYL,VMC,90.0,10,0,0,0,3,61.19905,-158.599563,Pre2008.mdb,1,1,VMC,historical
20001207X04405,ACC,1995-09-09 00:00:00,1995,9,ANCHORAGE,AK,USA,NONE,DUSK,VMC,20.0,5,0,0,0,2,61.220657,-149.849685,Pre2008.mdb,1,1,VMC,historical
20001207X04406,ACC,1995-09-10 00:00:00,1995,9,PALMER,AK,USA,MINR,DAYL,VMC,10.0,10,0,0,1,1,61.620323,-148.980529,Pre2008.mdb,2,2,VMC,historical
20001207X04407,ACC,1995-09-10 00:00:00,1995,9,GLENNALLEN,AK,USA,NONE,DAYL,VMC,30.0,30,0,0,0,1,62.100669,-145.530014,Pre2008.mdb,1,1,VMC,historical
20001207X04408,ACC,1995-09-10 00:00:00,1995,9,ANCHORAGE,AK,USA,NONE,DAYL,VMC,20.0,5,0,0,0,1,61.220737,-149.850799,Pre2008.mdb,1,1,VMC,historical
20001207X04409,ACC,1995-09-12 00:00:00,1995,9,KIVALINA,AK,USA,MINR,DAYL,VMC,90.0,3,0,0,1,0,67.729232,-164.550277,Pre2008.mdb,2,2,VMC,historical
20001207X04410,ACC,1995-09-15 00:00:00,1995,9,PORT ALSWORTH,AK,USA,NONE,DAYL,VMC,15.0,10,0,0,0,1,60.20026,-154.279144,Pre2008.mdb,1,1,VMC,historical
20001207X04411,ACC,1995-09-17 00:00:00,1995,9,ANIAK,AK,USA,NONE,DAYL,VMC,10.0,,0,0,0,1,61.199489,-158.59909,Pre2008.mdb,1,1,VMC,historical
20001207X04412,ACC,1995-09-21 00:00:00,1995,9,ANIAK,AK,USA,NONE,DAYL,VMC,30.0,10,0,0,0,3,61.210781,-149.249725,Pre2008.mdb,1,1,VMC,historical
20001207X04413,ACC,1995-09-12 00:00:00,1995,9,BIG DELTA,AK,USA,NONE,DAYL,VMC,99.0,7,0,0,0,1,63.699748,-144.890853,Pre2008.mdb,1,1,VMC,historical
20001207X04414,ACC,1995-09-23 00:00:00,1995,9,COLDFOOT,AK,USA,NONE,DAYL,VMC,60.0,10,0,0,0,1,,,Pre2008.mdb,1,1,VMC,historical
20001207X04415,ACC,1995-09-23 00:00:00,1995,9,CRAIG,AK,USA,NONE,DAYL,VMC,10.0,10,0,0,0,4,55.460601,-132.830047,Pre2008.mdb,1,1,VMC,historical
20001207X03060,ACC,1995-03-28 00:00:00,1995,3,SELAWIK,AK,USA,,NR,VMC,10.0,10,0,0,0,0,66.590194,-160.02066,Pre2008.mdb,0,0,VMC,historical
20001207X03404,ACC,1995-05-13 00:00:00,1995,5,FAIRBANKS,AK,USA,NONE,DAYL,VMC,99.0,,0,0,0,1,64.810317,-147.720535,Pre2008.mdb,1,1,VMC,historical
20001207X03601,ACC,1995-06-03 00:00:00,1995,6,SAND POINT,AK,USA,NONE,DAYL,VMC,20.0,5,0,0,0,2,55.260269,-160.659255,Pre2008.mdb,1,1,VMC,historical
20001207X03602,ACC,1995-06-04 00:00:00,1995,6,TYONEK,AK,USA,NONE,DAYL,VMC,25.0,5,0,0,0,2,61.079017,-151.160018,Pre2008.mdb,1,1,VMC,historical
20001207X03853,ACC,1995-07-12 00:00:00,1995,7,BETTLES,AK,USA,NONE,DAYL,VMC,20.0,,0,0,0,3,67.240577,-152.270721,Pre2008.mdb,1,1,VMC,historical
20001207X04416,ACC,1995-09-10 00:00:00,1995,9,GLENNALLEN,AK,USA,SERS,DAYL,VMC,30.0,30,0,0,1,1,62.100814,-145.53096,Pre2008.mdb,3,3,VMC,historical
20001208X05490,ACC,1996-04-28 00:00:00,1996,4,PALMER,AK,USA,FATL,DAYL,VMC,50.0,,1,0,0,0,61.619445,-148.979782,Pre2008.mdb,4,4,VMC,historical
20001208X05677,ACC,1996-05-16 00:00:00,1996,5,ANCHORAGE,AK,USA,MINR,DAYL,VMC,60.0,5,0,0,1,1,61.160198,-149.989562,Pre2008.mdb,2,2,VMC,historical
20001208X05678,ACC,1996-05-24 00:00:00,1996,5,POINT HOPE,AK,USA,SERS,DAYL,VMC,10.0,10,0,2,2,2,68.700714,-164.810012,Pre2008.mdb,3,3,VMC,historical
20001208X05679,ACC,1996-05-25 00:00:00,1996,5,KETCHIKAN,AK,USA,FATL,DAYL,VMC,25.0,15,2,0,0,0,55.679027,-132.189117,Pre2008.mdb,4,4,VMC,historical
20001208X05886,ACC,1996-06-04 00:00:00,1996,6,MEKORYUK,AK,USA,FATL,DAYL,VMC,3.5,13,1,0,0,0,60.370922,-166.270599,Pre2008.mdb,4,4,VMC,historical
20001208X06129,ACC,1996-07-13 00:00:00,1996,7,KETCHIKAN,AK,USA,FATL,DAYL,VMC,15.0,,1,1,0,0,55.610633,-131.579589,Pre2008.mdb,4,4,VMC,historical
20001208X06130,ACC,1996-07-16 00:00:00,1996,7,ANCHORAGE,AK,USA,FATL,DAYL,VMC,90.0,,1,0,0,0,61.159282,-149.990341,Pre2008.mdb,4,4,VMC,historical
20001208X06131,ACC,1996-07-19 00:00:00,1996,7,ELFIN COVE,AK,USA,FATL,DAYL,IMC,,,1,0,0,0,58.159461,-135.740463,Pre2008.mdb,4,4,IMC,historical
20001208X06132,ACC,1996-07-20 00:00:00,1996,7,RUSSIAN MISSION,AK,USA,FATL,DAYL,VMC,50.0,,4,0,0,0,61.810188,-161.440444,Pre2008.mdb,4,4,VMC,historical
20001208X06133,ACC,1996-07-27 00:00:00,1996,7,ILIAMNA,AK,USA,FATL,DAYL,IMC,4.0,13,2,0,0,0,59.850669,-154.560089,Pre2008.mdb,4,4,IMC,historical
20001208X06387,ACC,1996-08-05 00:00:00,1996,8,NOME,AK,USA,FATL,DAYL,Unk,6.0,5,1,0,0,0,64.709747,-164.61914,Pre2008.mdb,4,4,UNKNOWN,historical
20001208X06388,ACC,1996-08-24 00:00:00,1996,8,BARROW,AK,USA,FATL,DAYL,VMC,50.0,80,2,0,0,0,71.279022,-156.779785,Pre2008.mdb,4,4,VMC,historical
20001208X06644,ACC,1996-09-02 00:00:00,1996,9,HAINES,AK,USA,SERS,DAYL,Unk,,7,0,4,2,0,59.160114,-135.860626,Pre2008.mdb,3,3,UNKNOWN,historical
20001208X06389,ACC,1996-08-31 00:00:00,1996,8,YAKUTAT,AK,USA,FATL,DAYL,VMC,7.0,5,1,0,0,0,59.51062,-139.709411,Pre2008.mdb,4,4,VMC,historical
20001208X06645,ACC,1996-09-03 00:00:00,1996,9,EAGLE RIVER,AK,USA,FATL,DAYL,VMC,10.0,3,3,0,0,0,61.209835,-149.250167,Pre2008.mdb,4,4,VMC,historical
20001208X06646,ACC,1996-09-08 00:00:00,1996,9,GLENNALLEN,AK,USA,FATL,DAYL,VMC,90.0,,2,0,0,0,62.100193,-145.529022,Pre2008.mdb,4,4,VMC,historical
20001208X06647,ACC,1996-09-13 00:00:00,1996,9,MAY CREEK,AK,USA,FATL,DAYL,VMC,25.0,3,2,0,0,0,55.920528,-159.490158,Pre2008.mdb,4,4,VMC,historical
20001208X06648,ACC,1996-09-21 00:00:00,1996,9,MINTO,AK,USA,FATL,DAYL,VMC,50.0,20,1,0,0,0,65.150985,-149.370635,Pre2008.mdb,4,4,VMC,historical
20001208X06649,ACC,1996-09-24 00:00:00,1996,9,ANCHORAGE,AK,USA,FATL,DAYL,VMC,99.0,,3,2,0,0,61.159282,-149.989288,Pre2008.mdb,4,4,VMC,historical
20001208X06390,ACC,1996-08-12 00:00:00,1996,8,DUTCH HARBOR,AK,USA,FATL,DAYL,Unk,10.0,11,2,0,0,0,53.88964,-166.539993,Pre2008.mdb,4,4,UNKNOWN,historical
20001208X05336,INC,1996-03-29 00:00:00,1996,3,ANGOON,AK,USA,NONE,DAYL,VMC,30.0,8,0,0,0,2,57.439899,-134.479248,Pre2008.mdb,1,1,VMC,historical
20001208X05680,INC,1996-05-02 00:00:00,1996,5,FAIRBANKS,AK,USA,NONE,DAYL,VMC,60.0,13,0,0,0,1,64.809814,-147.719345,Pre2008.mdb,1,1,VMC,historical
20001208X05887,INC,1996-06-01 00:00:00,1996,6,KODIAK,AK,USA,NONE,DAYL,VMC,60.0,5,0,0,0,1,57.78934,-152.400665,Pre2008.mdb,1,1,VMC,historical
20001208X05888,INC,1996-06-06 00:00:00,1996,6,NAKNEK,AK,USA,NONE,DAYL,VMC,60.0,5,0,0,0,1,58.79911,-156.899917,Pre2008.mdb,1,1,VMC,historical
20001207X04617,ACC,1995-10-06 00:00:00,1995,10,HOONAH,AK,USA,MINR,DAYL,VMC,7.0,3,0,0,1,1,58.110527,-135.399581,Pre2008.mdb,2,2,VMC,historical
20001207X04618,ACC,1995-10-06 00:00:00,1995,10,HEALY,AK,USA,MINR,DAYL,VMC,50.0,,0,0,1,1,63.679462,-150.029479,Pre2008.mdb,2,2,VMC,historical
20001207X04619,ACC,1995-10-07 00:00:00,1995,10,COLD BAY,AK,USA,NONE,DAYL,VMC,20.0,20,0,0,0,1,55.219032,-162.779769,Pre2008.mdb,1,1,VMC,historical
20001207X04620,ACC,1995-10-07 00:00:00,1995,10,TYONEK,AK,USA,NONE,DAYL,VMC,20.0,3,0,0,0,2,61.080615,-151.159088,Pre2008.mdb,1,1,VMC,historical
20001207X04621,ACC,1995-10-18 00:00:00,1995,10,RED DEVIL,AK,USA,MINR,DAYL,VMC,15.0,5,0,0,1,0,61.939598,-157.62091,Pre2008.mdb,2,2,VMC,historical
20001207X04622,ACC,1995-10-19 00:00:00,1995,10,NINILCHIK,AK,USA,MINR,DAYL,VMC,5.0,35,0,0,1,0,60.069335,-151.420425,Pre2008.mdb,2,2,VMC,historical
20001207X04623,ACC,1995-10-20 00:00:00,1995,10,GIRDWOOD,AK,USA,NONE,DAYL,VMC,30.0,,0,0,0,1,60.900833,-148.910049,Pre2008.mdb,1,1,VMC,historical
20001207X04624,ACC,1995-10-22 00:00:00,1995,10,YAKUTAT,AK,USA,NONE,DAYL,VMC,20.0,10,0,0,0,1,59.510082,-139.710586,Pre2008.mdb,1,1,VMC,historical
20001207X04625,ACC,1995-10-25 00:00:00,1995,10,ANCHORAGE,AK,USA,NONE,DAYL,VMC,40.0,,0,0,0,1,61.160312,-149.98999,Pre2008.mdb,1,1,VMC,historical
20001207X04626,ACC,1995-10-27 00:00:00,1995,10,KODIAK,AK,USA,NONE,DAYL,VMC,15.0,20,0,0,0,2,57.789119,-152.400054,Pre2008.mdb,1,1,VMC,historical
20001207X04796,ACC,1995-11-03 00:00:00,1995,11,TOKSOOK BAY,AK,USA,NONE,DUSK,VMC,20.0,,0,0,0,7,60.539539,-165.139663,Pre2008.mdb,1,1,VMC,historical
20001207X04797,ACC,1995-11-05 00:00:00,1995,11,KODIAK,AK,USA,NONE,DAYL,VMC,20.0,9,0,0,0,3,57.790634,-152.399291,Pre2008.mdb,1,1,VMC,historical
20001207X04798,ACC,1995-11-12 00:00:00,1995,11,YAKUTAT,AK,USA,NONE,DAYL,IMC,0.25,10,0,0,0,2,59.510383,-139.710632,Pre2008.mdb,1,1,IMC,historical
20001207X04799,ACC,1995-11-27 00:00:00,1995,11,KASILOF,AK,USA,MINR,DAYL,VMC,60.0,,0,0,1,0,60.27975,-151.259475,Pre2008.mdb,2,2,VMC,historical
20001207X04800,ACC,1995-11-18 00:00:00,1995,11,ANIAK,AK,USA,NONE,DAYL,VMC,10.0,,0,0,0,2,61.199348,-158.60028,Pre2008.mdb,1,1,VMC,historical
20001207X04935,ACC,1995-12-10 00:00:00,1995,12,NANWALEK,AK,USA,SERS,DAYL,VMC,20.0,5,0,1,3,2,59.399719,-151.320236,Pre2008.mdb,3,3,VMC,historical
20001207X04936,ACC,1995-12-16 00:00:00,1995,12,NEWTOK,AK,USA,NONE,DAYL,VMC,3.0,15,0,0,0,2,60.810348,-161.849166,Pre2008.mdb,1,1,VMC,historical
